2026-08-12	09:00	63813,8	63908,01	63730,72	63749,76	LONG	0,00167	5981,87	0,00648	HOLD	98,2349	194,6772
2026-08-12	10:00	63749,77	63845,91	63709,85	63835,59	LONG	0,00167	5981,87	0,00648	HOLD	98,2349	194,8206
2026-08-12	11:00	63835,58	63891,42	63739,99	63769,58	LONG	0,00167	5981,87	0,00648	HOLD	98,2349	194,7103
2026-08-12	12:00	63769,58	63869,56	63724,25	63849,94	LONG	0,00167	5981,87	0,00648	HOLD	98,2349	194,8445
2026-08-12	13:00	63849,94	63849,94	63606,15	63711,97	LONG	0,00167	5981,87	0,00648	HOLD	98,2349	194,6141
2026-08-12	14:00	63711,97	63838	63644,1	63837,99	LONG	0,00167	5981,87	0,00648	HOLD	98,2349	194,8246
2026-08-12	15:00	63838	63867,2	63773,98	63794,94	LONG	0,00167	5981,87	0,00648	HOLD	98,2349	194,7527
2026-08-12	16:00	63794,95	64130,47	63768,01	64108,81	LONG	0,00167	5981,87	0,00648	HOLD	98,2349	195,2769
2026-08-12	17:00	64108,82	64218	64059,99	64143,36	LONG	0,00167	5981,87	0,00648	HOLD	98,2349	195,3346
2026-08-12	18:00	64143,36	64249,5	64113,5	64240,04	LONG	0,00167	5981,87	0,00648	HOLD	98,2349	195,496
2026-08-12	19:00	64240,04	64500	63976,37	64119,71	LONG	0,00167	5981,87	0,00648	HOLD	98,2349	195,2951
2026-08-12	20:00	64119,72	64159,36	63840	63840	LONG	0,00167	5981,87	0,00648	HOLD	98,2349	194,8279
2026-08-12	21:00	63840	63926,13	63362,74	63363,39	LONG	0,00167	5981,87	0,00648	HOLD	98,2349	194,032
2026-08-12	22:00	63363,39	63570,01	63316	63441,47	LONG	0,00167	5981,87	0,00648	HOLD	98,2349	194,1624
2026-08-12	23:00	63441,48	63578	63368,35	63492,12	LONG	0,00167	5981,87	0,00648	HOLD	98,2349	194,247
2026-08-13	00:00	63492,12	63556	63416,4	63471	LONG	0,00167	5981,87	0,00648	HOLD	98,2349	194,2117
2026-08-13	01:00	63470,99	63522,56	63373,97	63386,59	LONG	0,00167	5981,87	0,00648	HOLD	98,2349	194,0707
2026-08-13	02:00	63386,58	63465,13	63310,34	63421,11	LONG	0,00167	5981,87	0,00648	HOLD	98,2349	194,1284
2026-08-13	03:00	63421,11	63600	63421,11	63599,99	LONG	0,00167	5981,87	0,00648	HOLD	98,2349	194,4271
2026-08-13	04:00	63600	63661,24	63421,61	63469,83	LONG	0,00167	5981,87	0,00648	HOLD	98,2349	194,2098
2026-08-13	05:00	63469,84	63536	63370	63432,28	LONG	0,00167	5981,87	0,00648	HOLD	98,2349	194,147
2026-08-13	06:00	63432,28	63482,89	63378,23	63479,99	LONG	0,00167	5981,87	0,00648	HOLD	98,2349	194,2267
2026-08-13	07:00	63479,99	63717,31	63460,32	63556,92	LONG	0,00167	5981,87	0,00648	HOLD	98,2349	194,3552
2026-08-13	08:00	63556,91	63631,67	63382,45	63456,11	LONG	0,00167	5981,87	0,00648	HOLD	98,2349	194,1868
2026-08-13	09:00	63456,1	63582	63380	63550,01	LONG	0,00167	5981,87	0,00648	HOLD	98,2349	194,3437
2026-08-13	10:00	63550,01	63686,4	63514,21	63646,99	LONG	0,00167	5981,87	0,00648	HOLD	98,2349	194,5056
2026-08-13	11:00	63647	63778	63591,56	63693,74	LONG	0,00167	5981,87	0,00648	HOLD	98,2349	194,5837
2026-08-13	12:00	63693,73	64010	63671,64	63878	LONG	0,00167	5981,87	0,00648	HOLD	98,2349	194,8914
2026-08-13	13:00	63878,01	63942,36	63757,47	63942,35	LONG	0,00167	5981,87	0,00648	HOLD	98,2349	194,9989
2026-08-13	14:00	63942,36	63947,09	63856,13	63865,84	LONG	0,00167	5981,87	0,00648	HOLD	98,2349	194,8711
2026-08-13	15:00	63865,84	63915	63742	63766,8	LONG	0,00167	5981,87	0,00648	HOLD	98,2349	194,7057
2026-08-13	16:00	63766,8	63786,49	63587,99	63782,64	LONG	0,00167	5981,87	0,00648	HOLD	98,2349	194,7322
2026-08-13	17:00	63782,65	63818,16	63586	63651,19	LONG	0,00167	5981,87	0,00648	HOLD	98,2349	194,5126
2026-08-13	18:00	63651,2	63660,76	63350	63484,3	LONG	0,00167	5981,87	0,00648	HOLD	98,2349	194,2339
2026-08-13	19:00	63484,31	63710	63450	63697,76	LONG	0,00167	5981,87	0,00648	HOLD	98,2349	194,5904
2026-08-13	20:00	63697,76	63850	63566	63724	LONG	0,00167	5981,87	0,00648	HOLD	98,2349	194,6342
2026-08-13	21:00	63723,99	63999	63686	63859,45	LONG	0,00167	5981,87	0,00648	HOLD	98,2349	194,8604
2026-08-13	22:00	63859,46	63940,08	63420	63420,01	LONG	0,00167	5981,87	0,00648	HOLD	98,2349	194,1266
2026-08-13	23:00	63420,01	63568,97	62802,27	63160,13	LONG	0,00167	5981,87	0,00648	HOLD	98,2349	193,6926
2026-08-14	00:00	63160,13	63294,61	63074,44	63144,38	LONG	0,00167	5981,87	0,00648	HOLD	98,2349	193,6663
2026-08-14	01:00	63144,37	63369,63	63105,44	63310	LONG	0,00167	5981,87	0,00648	HOLD	98,2349	193,9428
2026-08-14	02:00	63310	63519,39	63310	63407,99	LONG	0,00167	5981,87	0,00648	HOLD	98,2349	194,1065
2026-08-14	03:00	63408	63474,34	63368	63415,55	LONG	0,00167	5981,87	0,00648	HOLD	98,2349	194,1191
2026-08-14	04:00	63415,56	63500	63390	63474	LONG	0,00167	5981,87	0,00648	HOLD	98,2349	194,2167
2026-08-14	05:00	63474	63640	63473,99	63530,01	LONG	0,00167	5981,87	0,00648	HOLD	98,2349	194,3103
2026-08-14	06:00	63530,01	63539,03	63400	63490,86	LONG	0,00167	5981,87	0,00648	HOLD	98,2349	194,2449
2026-08-14	07:00	63490,86	63552,99	63410	63541,45	LONG	0,00167	5981,87	0,00648	HOLD	98,2349	194,3294
2026-08-14	08:00	63541,45	63585,92	63458	63575,86	LONG	0,00167	5981,87	0,00648	HOLD	98,2349	194,3868
2026-08-14	09:00	63575,86	63617,45	63465,38	63465,39	LONG	0,00167	5981,87	0,00648	HOLD	98,2349	194,2023
2026-08-14	10:00	63465,39	63576	63301,58	63310	LONG	0,00167	5981,87	0,00648	HOLD	98,2349	193,9428
2026-08-14	11:00	63310	63472,5	63276	63372,56	LONG	0,00167	5981,87	0,00648	HOLD	98,2349	194,0473
2026-08-14	12:00	63372,56	63400,3	63286,67	63379,83	LONG	0,00167	5981,87	0,00648	HOLD	98,2349	194,0595
2026-08-14	13:00	63379,83	63379,83	62942	62974,14	LONG	0,00167	5981,87	0,00648	HOLD	98,2349	193,382
2026-08-14	14:00	62974,14	63110	62920	62920,78	LONG	0,00167	5981,87	0,00648	HOLD	98,2349	193,2928
2026-08-14	15:00	62920,78	62997,83	62700	62940,01	LONG	0,00167	5981,87	0,00648	HOLD	98,2349	193,325
2026-08-14	16:00	62940,01	62940,01	62744	62792,75	LONG	0,00167	5981,87	0,00648	HOLD	98,2349	193,079
2026-08-14	17:00	62792,75	62946	62739,98	62814,14	LONG	0,00167	5981,87	0,00648	HOLD	98,2349	193,1148
2026-08-14	18:00	62814,14	62936,82	62814	62868,83	LONG	0,00167	5981,87	0,00648	HOLD	98,2349	193,2061
2026-08-14	19:00	62868,83	62913,3	62726,26	62741,69	LONG	0,00167	5981,87	0,00648	HOLD	98,2349	192,9938
2026-08-14	20:00	62741,68	62822,33	62605	62668	LONG	0,00167	5981,87	0,00648	HOLD	98,2349	192,8707
2026-08-14	21:00	62668	62797,88	62535,24	62620,01	LONG	0,00167	5981,87	0,00648	HOLD	98,2349	192,7906
2026-08-14	22:00	62620,01	63089,18	62612	62990,95	LONG	0,00167	5981,87	0,00648	HOLD	98,2349	193,41
2026-08-14	23:00	62990,94	63215,58	62966,86	63133,48	LONG	0,00167	5981,87	0,00648	HOLD	98,2349	193,6481
2026-08-15	00:00	63133,49	63247,05	63000	63013,69	LONG	0,00167	5981,87	0,00648	HOLD	98,2349	193,448
2026-08-15	01:00	63013,7	63088,21	62894,85	62930,01	LONG	0,00167	5981,87	0,00648	HOLD	98,2349	193,3083
2026-08-15	02:00	62930,01	62996	62830	62968,05	LONG	0,00167	5981,87	0,00648	HOLD	98,2349	193,3718
2026-08-15	03:00	62968,06	63020,74	62896,85	62907,59	LONG	0,00167	5981,87	0,00648	HOLD	98,2349	193,2708
2026-08-15	04:00	62907,59	62937,22	62873,25	62928,49	LONG	0,00167	5981,87	0,00648	HOLD	98,2349	193,3057
2026-08-15	05:00	62928,49	62957,28	62800	62886,88	LONG	0,00167	5981,87	0,00648	HOLD	98,2349	193,2362
2026-08-15	06:00	62886,87	63066,13	62865,03	63043,56	LONG	0,00167	5981,87	0,00648	HOLD	98,2349	193,4979
2026-08-15	07:00	63043,56	63059,5	62992,91	63019,88	LONG	0,00167	5981,87	0,00648	HOLD	98,2349	193,4583
2026-08-15	08:00	63019,89	63051,78	62993,57	63045,13	LONG	0,00167	5981,87	0,00648	HOLD	98,2349	193,5005
2026-08-15	09:00	63045,14	63134,82	63035,95	63134,41	LONG	0,00167	5981,87	0,00648	HOLD	98,2349	193,6496
2026-08-15	10:00	63134,41	63187,98	63039,99	63051,25	LONG	0,00167	5981,87	0,00648	HOLD	98,2349	193,5107
2026-08-15	11:00	63051,25	63151,65	63051,25	63122	LONG	0,00167	5981,87	0,00648	HOLD	98,2349	193,6289
2026-08-15	12:00	63122,01	63155,76	63039,99	63089	LONG	0,00167	5981,87	0,00648	HOLD	98,2349	193,5738
2026-08-15	13:00	63089	63134,84	63027,89	63114,68	LONG	0,00167	5981,87	0,00648	HOLD	98,2349	193,6167
2026-08-15	14:00	63114,68	63134,83	63042	63075,43	LONG	0,00167	5981,87	0,00648	HOLD	98,2349	193,5511
2026-08-15	15:00	63075,43	63085,8	62933,71	62935,72	LONG	0,00167	5981,87	0,00648	HOLD	98,2349	193,3178
2026-08-15	16:00	62935,72	63045,83	62920	63030,38	LONG	0,00167	5981,87	0,00648	HOLD	98,2349	193,4759
2026-08-15	17:00	63030,39	63051,74	63002,12	63046,1	LONG	0,00167	5981,87	0,00648	HOLD	98,2349	193,5021
2026-08-15	18:00	63046,1	63054,69	62996,85	63022,01	LONG	0,00167	5981,87	0,00648	HOLD	98,2349	193,4619
2026-08-15	19:00	63022,01	63055,36	62946,58	63050,13	LONG	0,00167	5981,87	0,00648	HOLD	98,2349	193,5089
2026-08-15	20:00	63050,12	63080,88	63028,11	63060,35	LONG	0,00167	5981,87	0,00648	HOLD	98,2349	193,5259
2026-08-15	21:00	63060,34	63060,35	62996,77	63040	LONG	0,00167	5981,87	0,00648	HOLD	98,2349	193,4919
2026-08-15	22:00	63040,01	63120,09	63032	63100,55	LONG	0,00167	5981,87	0,00648	HOLD	98,2349	193,5931
2026-08-15	23:00	63100,55	63124,99	63066,73	63096,63	LONG	0,00167	5981,87	0,00648	HOLD	98,2349	193,5865
2026-08-16	00:00	63096,62	63100,69	63066,21	63070,5	LONG	0,00167	5981,87	0,00648	HOLD	98,2349	193,5429
2026-08-16	01:00	63070,49	63115,58	63044,37	63057,58	LONG	0,00167	5981,87	0,00648	HOLD	98,2349	193,5213
2026-08-16	02:00	63057,58	63127,4	63057,57	63126,08	LONG	0,00167	5981,87	0,00648	HOLD	98,2349	193,6357
2026-08-16	03:00	63126,07	63126,08	63076,96	63103,29	LONG	0,00167	5981,87	0,00648	HOLD	98,2349	193,5976
2026-08-16	04:00	63103,29	63168,95	63103,29	63159,04	LONG	0,00167	5981,87	0,00648	HOLD	98,2349	193,6907
2026-08-16	05:00	63159,04	63175	63135,52	63135,52	LONG	0,00167	5981,87	0,00648	HOLD	98,2349	193,6515
2026-08-16	06:00	63135,52	63139,96	63086	63086,01	LONG	0,00167	5981,87	0,00648	HOLD	98,2349	193,5688
2026-08-16	07:00	63086,01	63086,01	63061,47	63085,82	LONG	0,00167	5981,87	0,00648	HOLD	98,2349	193,5685
2026-08-16	08:00	63085,81	63085,82	63012	63084,78	LONG	0,00167	5981,87	0,00648	HOLD	98,2349	193,5667
2026-08-16	09:00	63084,78	63151,59	63024,22	63121,91	LONG	0,00167	5981,87	0,00648	HOLD	98,2349	193,6287
2026-08-16	10:00	63121,92	63130,01	63115,61	63130	LONG	0,00167	5981,87	0,00648	HOLD	98,2349	193,6422
2026-08-16	11:00	63130,01	63158,8	63090	63090,01	LONG	0,00167	5981,87	0,00648	HOLD	98,2349	193,5755
2026-08-16	12:00	63090	63094	63040	63069,43	LONG	0,00167	5981,87	0,00648	HOLD	98,2349	193,5411
2026-08-16	13:00	63069,43	63083,79	63043,21	63069,31	LONG	0,00167	5981,87	0,00648	HOLD	98,2349	193,5409
2026-08-16	14:00	63069,32	63069,32	63054,34	63061,02	LONG	0,00167	5981,87	0,00648	HOLD	98,2349	193,527
2026-08-16	15:00	63061,03	63079,76	63061,02	63072,42	LONG	0,00167	5981,87	0,00648	HOLD	98,2349	193,5461
2026-08-16	16:00	63072,43	63072,43	62968,45	62992,69	LONG	0,00167	5981,87	0,00648	HOLD	98,2349	193,4129
2026-08-16	17:00	62992,68	63013,62	62968,45	63008,57	LONG	0,00167	5981,87	0,00648	HOLD	98,2349	193,4395
2026-08-16	18:00	63008,56	63013,66	62981,93	63013,66	LONG	0,00167	5981,87	0,00648	HOLD	98,2349	193,448
2026-08-16	19:00	63013,66	63025,42	62997,77	63021,98	LONG	0,00167	5981,87	0,00648	HOLD	98,2349	193,4618
2026-08-16	20:00	63021,99	63070,05	63021,98	63060,01	LONG	0,00167	5981,87	0,00648	HOLD	98,2349	193,5254
2026-08-16	21:00	63060,01	63102,86	63060	63102,85	LONG	0,00167	5981,87	0,00648	HOLD	98,2349	193,5969
2026-08-16	22:00	63102,86	63146,4	63102,86	63146,39	LONG	0,00167	5981,87	0,00648	HOLD	98,2349	193,6696
2026-08-16	23:00	63146,39	63390	63137,35	63260,01	LONG	0,00167	5981,87	0,00648	HOLD	98,2349	193,8594
2026-08-17	00:00	63260	63276,61	63120,22	63159,3	LONG	0,00167	5981,87	0,00648	HOLD	98,2349	193,6912
2026-08-17	01:00	63159,31	63173,71	63120	63140,06	LONG	0,00167	5981,87	0,00648	HOLD	98,2349	193,659
2026-08-17	02:00	63140,05	63230	63100,89	63108,81	LONG	0,00167	5981,87	0,00648	HOLD	98,2349	193,6069
2026-08-17	03:00	63108,8	63140	63027,6	63067,79	LONG	0,00167	5981,87	0,00648	HOLD	98,2349	193,5384
2026-08-17	04:00	63067,79	63085,15	62754	62929,61	LONG	0,00167	5981,87	0,00648	HOLD	98,2349	193,3076
2026-08-17	05:00	62929,61	62954	62716	62913,7	LONG	0,00167	5981,87	0,00648	HOLD	98,2349	193,281
2026-08-17	06:00	62913,7	62993,77	62830	62900	LONG	0,00167	5981,87	0,00648	HOLD	98,2349	193,2581
2026-08-17	07:00	62900	62956	62751,1	62917,54	LONG	0,00167	5981,87	0,00648	HOLD	98,2349	193,2874
2026-08-17	08:00	62917,54	63246,91	62896	63116,12	LONG	0,00167	5981,87	0,00648	HOLD	98,2349	193,6191
2026-08-17	09:00	63116,12	63500	63037,09	63403,34	LONG	0,00167	5981,87	0,00648	HOLD	98,2349	194,0987
2026-08-17	10:00	63403,33	63520	63339,78	63429,21	LONG	0,00167	5981,87	0,00648	HOLD	98,2349	194,1419
2026-08-17	11:00	63429,21	63580	63429,21	63532,44	LONG	0,00167	5981,87	0,00648	HOLD	98,2349	194,3143
2026-08-17	12:00	63532,43	63594,76	63446,59	63520,18	LONG	0,00167	5981,87	0,00648	HOLD	98,2349	194,2938
2026-08-17	13:00	63520,18	63717,17	63477,95	63667,99	LONG	0,00167	5981,87	0,00648	HOLD	98,2349	194,5407
2026-08-17	14:00	63668	63668	63500	63514,45	LONG	0,00167	5981,87	0,00648	HOLD	98,2349	194,2843
2026-08-17	15:00	63514,45	63545,08	63350	63380,84	LONG	0,00167	5981,87	0,00648	HOLD	98,2349	194,0611
2026-08-17	16:00	63380,83	63428	63295	63323,96	LONG	0,00167	5981,87	0,00648	HOLD	98,2349	193,9662
2026-08-17	17:00	63323,97	63694,26	63300,25	63692,21	LONG	0,00167	5981,87	0,00648	HOLD	98,2349	194,5811
2026-08-17	18:00	63692,2	63781,69	63587,05	63631,1	LONG	0,00167	5981,87	0,00648	HOLD	98,2349	194,4791
2026-08-17	19:00	63631,11	63680	63533,06	63554,69	LONG	0,00167	5981,87	0,00648	HOLD	98,2349	194,3515
2026-08-17	20:00	63554,7	63799,64	63444,17	63672,36	LONG	0,00167	5981,87	0,00648	HOLD	98,2349	194,548
2026-08-17	21:00	63672,37	63904,76	63588	63902,63	LONG	0,00167	5981,87	0,00648	HOLD	98,2349	194,9325
2026-08-17	22:00	63902,63	64227,27	63812,35	64200	LONG	0,00167	5981,87	0,00648	HOLD	98,2349	195,4291
2026-08-17	23:00	64200	64216,42	64058	64115,76	LONG	0,00167	5981,87	0,00648	HOLD	98,2349	195,2885
2026-08-18	00:00	64115,76	64425	63979,3	64325,99	LONG	0,00167	5981,87	0,00648	HOLD	98,2349	195,6395
2026-08-18	01:00	64325,99	64610,01	64280,49	64428,87	LONG	0,00167	5981,87	0,00648	HOLD	98,2349	195,8114
2026-08-18	02:00	64428,88	64428,88	64288,35	64309,96	LONG	0,00167	5981,87	0,00648	HOLD	98,2349	195,6128
2026-08-18	03:00	64309,95	64434	64266	64392,73	LONG	0,00167	5981,87	0,00648	HOLD	98,2349	195,751
2026-08-18	04:00	64392,72	64434,76	64296	64382,02	LONG	0,00167	5981,87	0,00648	HOLD	98,2349	195,7331
2026-08-18	05:00	64382,02	64416	64283,49	64291,25	LONG	0,00167	5981,87	0,00648	HOLD	98,2349	195,5815
2026-08-18	06:00	64291,26	64578	64288,24	64532,1	LONG	0,00167	5981,87	0,00648	HOLD	98,2349	195,9837
2026-08-18	07:00	64532,11	64568,46	64367,27	64383,71	LONG	0,00167	5981,87	0,00648	HOLD	98,2349	195,7359
2026-08-18	08:00	64383,72	64387,71	64156	64200,06	LONG	0,00167	5981,87	0,00648	HOLD	98,2349	195,4292
2026-08-18	09:00	64200,06	64272	64048	64103,22	LONG	0,00167	5981,87	0,00648	HOLD	98,2349	195,2675
2026-08-18	10:00	64103,22	64195,45	64047,73	64185,01	LONG	0,00167	5981,87	0,00648	HOLD	98,2349	195,4041
2026-08-18	11:00	64185	64250,69	64090	64210,32	LONG	0,00167	5981,87	0,00648	HOLD	98,2349	195,4464
2026-08-18	12:00	64210,33	64276	64140	64242,76	LONG	0,00167	5981,87	0,00648	HOLD	98,2349	195,5006
2026-08-18	13:00	64242,76	64446	64170	64318,03	LONG	0,00167	5981,87	0,00648	HOLD	98,2349	195,6263
2026-08-18	14:00	64318,03	64350	64164	64198,97	LONG	0,00167	5981,87	0,00648	HOLD	98,2349	195,4274
2026-08-18	15:00	64198,97	64336	64087,98	64296,02	LONG	0,00167	5981,87	0,00648	HOLD	98,2349	195,5895
2026-08-18	16:00	64296,01	64296,01	64140	64171,95	LONG	0,00167	5981,87	0,00648	HOLD	98,2349	195,3823
2026-08-18	17:00	64171,95	64216	64123,42	64202,8	LONG	0,00167	5981,87	0,00648	HOLD	98,2349	195,4338
2026-08-18	18:00	64202,81	64402,35	64192,42	64351,19	LONG	0,00167	5981,87	0,00648	HOLD	98,2349	195,6816
2026-08-18	19:00	64351,18	64355,64	64218,45	64230,02	LONG	0,00167	5981,87	0,00648	HOLD	98,2349	195,4793
2026-08-18	20:00	64230,02	64284	64027,85	64219,99	LONG	0,00167	5981,87	0,00648	HOLD	98,2349	195,4625
2026-08-18	21:00	64219,99	65058,81	64219,99	64714,16	LONG	0,00167	5981,87	0,00648	HOLD	98,2349	196,2878
2026-08-18	22:00	64714,16	64888	64652	64855,06	LONG	0,00167	5981,87	0,00648	HOLD	98,2349	196,5231
2026-08-18	23:00	64855,06	64891,81	64675,5	64840	LONG	0,00167	5981,87	0,00648	HOLD	98,2349	196,4979
2026-08-19	00:00	64840	64840,01	64670,02	64670,02	LONG	0,00167	5981,87	0,00648	HOLD	98,2349	196,2141
2026-08-19	01:00	64670,02	64822	64656	64772	LONG	0,00167	5981,87	0,00648	HOLD	98,2349	196,3844
2026-08-19	02:00	64771,99	64796	64642,36	64643,26	LONG	0,00167	5981,87	0,00648	HOLD	98,2349	196,1694
2026-08-19	03:00	64643,27	64654,87	64568	64582,39	LONG	0,00167	5981,87	0,00648	HOLD	98,2349	196,0677
2026-08-19	04:00	64582,38	64653,97	64571,48	64604,58	LONG	0,00167	5981,87	0,00648	HOLD	98,2349	196,1048
2026-08-19	05:00	64604,58	64648	64562,25	64634	LONG	0,00167	5981,87	0,00648	HOLD	98,2349	196,1539
2026-08-19	06:00	64634	64780	64631,15	64725,42	LONG	0,00167	5981,87	0,00648	HOLD	98,2349	196,3066
2026-08-19	07:00	64725,42	64736,27	64488	64488	LONG	0,00167	5981,87	0,00648	HOLD	98,2349	195,9101
2026-08-19	08:00	64488	64551,47	64389,27	64400,48	LONG	0,00167	5981,87	0,00648	HOLD	98,2349	195,7639
2026-08-19	09:00	64400,47	64414,65	64350	64351,9	LONG	0,00167	5981,87	0,00648	HOLD	98,2349	195,6828
2026-08-19	10:00	64351,86	64414	64278	64330,71	LONG	0,00167	5981,87	0,00648	HOLD	98,2349	195,6474
2026-08-19	11:00	64330,7	64391,8	64293,43	64316,22	LONG	0,00167	5981,87	0,00648	HOLD	98,2349	195,6232
2026-08-19	12:00	64316,22	64409,93	64236	64236,01	LONG	0,00167	5981,87	0,00648	HOLD	98,2349	195,4893
2026-08-19	13:00	64236,01	64344	64166	64339,8	LONG	0,00167	5981,87	0,00648	HOLD	98,2349	195,6626
2026-08-19	14:00	64339,8	64395,78	64271,78	64296	LONG	0,00167	5981,87	0,00648	HOLD	98,2349	195,5895
2026-08-19	15:00	64296,01	64510,95	64255	64413,95	LONG	0,00167	5981,87	0,00648	HOLD	98,2349	195,7864
2026-08-19	16:00	64413,95	64470,66	64360,7	64427,06	LONG	0,00167	5981,87	0,00648	HOLD	98,2349	195,8083
2026-08-19	17:00	64427,07	64456,71	64373,24	64456,71	LONG	0,00167	5981,87	0,00648	HOLD	98,2349	195,8578
2026-08-19	18:00	64456,71	64539,05	64454,99	64515,63	LONG	0,00167	5981,87	0,00648	HOLD	98,2349	195,9562
2026-08-19	19:00	64515,62	64988	64474,86	64882,15	LONG	0,00167	5981,87	0,00648	HOLD	98,2349	196,5683
2026-08-19	20:00	64882,15	65217,86	64793,29	65012,12	LONG	0,00167	5981,87	0,00648	HOLD	98,2349	196,7854
2026-08-19	21:00	65012,12	65970	65012,11	65923,21	LONG	0,00167	5981,87	0,00648	HOLD	98,2349	198,3069
2026-08-19	22:00	65923,21	69500	65892	68554	LONG	0,00167	5981,87	0,00648	HOLD	98,2349	202,7003
2026-08-19	23:00	68554	68997	68416,36	68465,27	LONG	0,00167	5981,87	0,00648	HOLD	98,2349	202,5521
2026-08-20	00:00	68465,26	68546,22	67825,03	68197,29	LONG	0,00167	5981,87	0,00648	HOLD	98,2349	202,1046
2026-08-20	01:00	68197,3	68453,43	68042	68395,99	LONG	0,00167	5981,87	0,00648	HOLD	98,2349	202,4364
2026-08-20	02:00	68396	68483,52	68103,71	68429,44	LONG	0,00167	5981,87	0,00648	HOLD	98,2349	202,4923
2026-08-20	03:00	68429,44	69579,99	68390	69048,06	LONG	0,00167	5981,87	0,00648	HOLD	98,2349	203,5254
2026-08-20	04:00	69048,06	70000	68984,78	69709,46	LONG	0,00167	5981,87	0,00648	HOLD	98,2349	204,6299
2026-08-20	05:00	69709,47	69833,99	68980	69258,9	LONG	0,00167	5981,87	0,00648	HOLD	98,2349	203,8775
2026-08-20	06:00	69258,9	69453,88	69160	69334,79	LONG	0,00167	5981,87	0,00648	HOLD	98,2349	204,0042
2026-08-20	07:00	69334,78	69793,21	69314,01	69420	LONG	0,00167	5981,87	0,00648	HOLD	98,2349	204,1465
2026-08-20	08:00	69420	69894,5	69283,25	69721,92	LONG	0,00167	5981,87	0,00648	HOLD	98,2349	204,6507
2026-08-20	09:00	69721,92	69824	69268	69301,27	LONG	0,00167	5981,87	0,00648	HOLD	98,2349	203,9483
2026-08-20	10:00	69301,27	69340	68902,22	69195,64	LONG	0,00167	5981,87	0,00648	HOLD	98,2349	203,7719
2026-08-20	11:00	69195,64	69599,01	69166	69492,01	LONG	0,00167	5981,87	0,00648	HOLD	98,2349	204,2668
2026-08-20	12:00	69492	69668	69349,16	69406,54	LONG	0,00167	5981,87	0,00648	HOLD	98,2349	204,1241
2026-08-20	13:00	69406,53	69927,97	69336,97	69851,99	LONG	0,00167	5981,87	0,00648	HOLD	98,2349	204,868
2026-08-20	14:00	69851,99	70022	69506,91	69816,45	LONG	0,00167	5981,87	0,00648	HOLD	98,2349	204,8086
2026-08-20	15:00	69816,45	71826,26	69772,36	71592,1	LONG	0,00167	5981,87	0,00648	HOLD	98,2349	207,7739
2026-08-20	16:00	71592,11	72067,46	71500	71789,97	LONG	0,00167	5981,87	0,00648	HOLD	98,2349	208,1044
2026-08-20	17:00	71789,97	72490	71686,58	71995,99	LONG	0,00167	5981,87	0,00648	HOLD	98,2349	208,4484
2026-08-20	18:00	71995,99	72322	71820	71927,07	LONG	0,00167	5981,87	0,00648	HOLD	98,2349	208,3333
2026-08-20	19:00	71927,07	72015,42	71501	71952,04	LONG	0,00167	5981,87	0,00648	HOLD	98,2349	208,375
2026-08-20	20:00	71952,04	72108,8	71132	71691,99	LONG	0,00167	5981,87	0,00648	HOLD	98,2349	207,9408
2026-08-20	21:00	71692	71990,09	71364,01	71826,85	LONG	0,00167	5981,87	0,00648	HOLD	98,2349	208,166
2026-08-20	22:00	71826,85	72830	71789,01	72470,83	LONG	0,00167	5981,87	0,00648	HOLD	98,2349	209,2414
2026-08-20	23:00	72470,84	72905	72205,88	72837,15	LONG	0,00167	5981,87	0,00648	HOLD	98,2349	209,8532
2026-08-21	00:00	72837,15	72966	72534,71	72737,5	LONG	0,00167	5981,87	0,00648	HOLD	98,2349	209,6868
2026-08-21	01:00	72737,51	72810	72394	72431,36	LONG	0,00167	5981,87	0,00648	HOLD	98,2349	209,1755
2026-08-21	02:00	72431,35	72774	72330	72690,76	LONG	0,00167	5981,87	0,00648	HOLD	98,2349	209,6087
2026-08-21	03:00	72690,76	73110,7	72594	72671,75	LONG	0,00167	5981,87	0,00648	HOLD	98,2349	209,577
2026-08-21	04:00	72671,76	72848	72557	72741,81	LONG	0,00167	5981,87	0,00648	HOLD	98,2349	209,694
2026-08-21	05:00	72741,81	72878	72498	72676,22	LONG	0,00167	5981,87	0,00648	HOLD	98,2349	209,5844
2026-08-21	06:00	72676,23	73400	72664,56	73025,15	LONG	0,00167	5981,87	0,00648	HOLD	98,2349	210,1671
2026-08-21	07:00	73027,02	73990	73027,02	73708,02	LONG	0,00167	5981,87	0,00648	HOLD	98,2349	211,3075
2026-08-21	08:00	73707,82	75785,82	73668	75129,23	LONG	0,00167	5981,87	0,00648	HOLD	98,2349	213,681
2026-08-21	09:00	75129,23	75197,08	74384,63	74439,74	LONG	0,00167	5981,87	0,00648	HOLD	98,2349	212,5295
2026-08-21	10:00	74439,75	74882,24	74247,46	74510,77	LONG	0,00167	5981,87	0,00648	HOLD	98,2349	212,6481
2026-08-21	11:00	74510,77	75054,46	74510,77	75026	LONG	0,00167	5981,87	0,00648	HOLD	98,2349	213,5086
2026-08-21	12:00	75026	75500	74918,79	75472,73	LONG	0,00167	5981,87	0,00648	HOLD	98,2349	214,2546
2026-08-21	13:00	75472,73	75753	75104	75646,21	LONG	0,00167	5981,87	0,00648	HOLD	98,2349	214,5443
2026-08-21	14:00	75646,2	76916,95	75620	76308,65	LONG	0,00167	5981,87	0,00648	HOLD	98,2349	215,6506
2026-08-21	15:00	76308,66	79500	76235,76	79258,03	LONG	0,00167	5981,87	0,00648	HOLD	98,2349	220,5761
2026-08-21	16:00	79258,02	79363,79	77251	77910,71	LONG	0,00167	5981,87	0,00648	HOLD	98,2349	218,326
2026-08-21	17:00	77910,71	78250	77621,8	77810,02	LONG	0,00167	5981,87	0,00648	HOLD	98,2349	218,1579
2026-08-21	18:00	77810,01	77855,78	76411,38	76722,32	LONG	0,00167	5981,87	0,00648	HOLD	98,2349	216,3414
2026-08-21	19:00	76722,31	77477,24	76538	77223,66	LONG	0,00167	5981,87	0,00648	HOLD	98,2349	217,1787
2026-08-21	20:00	77223,66	77700	76243,04	77266,87	LONG	0,00167	5981,87	0,00648	HOLD	98,2349	217,2508
2026-08-21	21:00	77266,88	77448,26	76552,74	77384,68	LONG	0,00167	5981,87	0,00648	HOLD	98,2349	217,4476
2026-08-21	22:00	77384,69	77871,33	77170	77221,98	LONG	0,00167	5981,87	0,00648	HOLD	98,2349	217,1758
2026-08-21	23:00	77221,98	77563,53	76784,81	77486,01	LONG	0,00167	5981,87	0,00648	HOLD	98,2349	217,6168
2026-08-22	00:00	77486,01	77722,12	77189,95	77392,68	LONG	0,00167	5981,87	0,00648	HOLD	98,2349	217,4609
2026-08-22	01:00	77392,69	77550	76643,72	77146	LONG	0,00167	5981,87	0,00648	HOLD	98,2349	217,049
2026-08-22	02:00	77145,99	77360	76856,2	77028,94	LONG	0,00167	5981,87	0,00648	HOLD	98,2349	216,8535
2026-08-22	03:00	77028,94	77548,99	76863,56	77520,19	LONG	0,00167	5981,87	0,00648	HOLD	98,2349	217,6739
2026-08-22	04:00	77520,19	78675,1	77388	78505,15	LONG	0,00167	5981,87	0,00648	HOLD	98,2349	219,3187
2026-08-22	05:00	78505,14	78760,68	78081,8	78460,14	LONG	0,00167	5981,87	0,00648	HOLD	98,2349	219,2436
2026-08-22	06:00	78460,13	78720	78100,26	78338,03	LONG	0,00167	5981,87	0,00648	HOLD	98,2349	219,0397
2026-08-22	07:00	78338,03	78500	77683,37	77953,3	LONG	0,00167	5981,87	0,00648	HOLD	98,2349	218,3972
2026-08-22	08:00	77953,3	78234	77816,66	77830,01	LONG	0,00167	5981,87	0,00648	HOLD	98,2349	218,1913
2026-08-22	09:00	77830,01	78563,83	77791,19	78470	LONG	0,00167	5981,87	0,00648	HOLD	98,2349	219,26
2026-08-22	10:00	78470	78828,15	78372	78410,98	LONG	0,00167	5981,87	0,00648	HOLD	98,2349	219,1615
2026-08-22	11:00	78410,98	78818	78207,61	78470	LONG	0,00167	5981,87	0,00648	HOLD	98,2349	219,26
2026-08-22	12:00	78470	78584	76500	77380,75	LONG	0,00167	5981,87	0,00648	HOLD	98,2349	217,441
2026-08-22	13:00	77380,75	77572,16	76985,14	77486,09	LONG	0,00167	5981,87	0,00648	HOLD	98,2349	217,6169
2026-08-22	14:00	77486,09	77669,28	77220	77289,18	LONG	0,00167	5981,87	0,00648	HOLD	98,2349	217,2881
2026-08-22	15:00	77289,18	77445,6	77037,42	77210,55	LONG	0,00167	5981,87	0,00648	HOLD	98,2349	217,1568
2026-08-22	16:00	77210,55	77395,04	76851,25	77061,99	LONG	0,00167	5981,87	0,00648	HOLD	98,2349	216,9087
2026-08-22	17:00	77062	77187,46	76533,87	76976	LONG	0,00167	5981,87	0,00648	HOLD	98,2349	216,7651
2026-08-22	18:00	76976,01	77204,68	76772,05	77130,02	LONG	0,00167	5981,87	0,00648	HOLD	98,2349	217,0223
2026-08-22	19:00	77130,01	77387,99	77073,86	77300,27	LONG	0,00167	5981,87	0,00648	HOLD	98,2349	217,3066
2026-08-22	20:00	77300,27	77362,03	77116	77288,62	LONG	0,00167	5981,87	0,00648	HOLD	98,2349	217,2871
2026-08-22	21:00	77288,62	77305,14	76930	77003,62	LONG	0,00167	5981,87	0,00648	HOLD	98,2349	216,8112
2026-08-22	22:00	77003,62	77100,77	76880	76978,83	LONG	0,00167	5981,87	0,00648	HOLD	98,2349	216,7698
2026-08-22	23:00	76978,83	77547,96	76956,36	77288,01	LONG	0,00167	5981,87	0,00648	HOLD	98,2349	217,2861
2026-08-23	00:00	77288,01	77369,99	77066,66	77278,01	LONG	0,00167	5981,87	0,00648	HOLD	98,2349	217,2694
2026-08-23	01:00	77278,01	77360,92	77138	77257,86	LONG	0,00167	5981,87	0,00648	HOLD	98,2349	217,2358
2026-08-23	02:00	77257,87	77469,64	77206,53	77418,25	LONG	0,00167	5981,87	0,00648	HOLD	98,2349	217,5036
2026-08-23	03:00	77418,26	77467,53	77258	77311,69	LONG	0,00167	5981,87	0,00648	HOLD	98,2349	217,3257
2026-08-23	04:00	77311,69	77311,69	76828,78	76856,01	LONG	0,00167	5981,87	0,00648	HOLD	98,2349	216,5647
2026-08-23	05:00	76856	77155,46	76772	76997,76	LONG	0,00167	5981,87	0,00648	HOLD	98,2349	216,8014
2026-08-23	06:00	76997,77	77126,53	76900	77074,93	LONG	0,00167	5981,87	0,00648	HOLD	98,2349	216,9303
2026-08-23	07:00	77074,94	77359,53	77042,91	77302,65	LONG	0,00167	5981,87	0,00648	HOLD	98,2349	217,3106
2026-08-23	08:00	77302,65	77400	77158	77190,29	LONG	0,00167	5981,87	0,00648	HOLD	98,2349	217,1229
2026-08-23	09:00	77190,29	77232,55	77005,88	77079,46	LONG	0,00167	5981,87	0,00648	HOLD	98,2349	216,9378
2026-08-23	10:00	77079,46	77136,78	76837	76927,87	LONG	0,00167	5981,87	0,00648	HOLD	98,2349	216,6847
2026-08-23	11:00	76927,87	77036,58	76477,04	76602	LONG	0,00167	5981,87	0,00648	HOLD	98,2349	216,1405
2026-08-23	12:00	76602	76730,99	75545,67	76053,37	LONG	0,00167	5981,87	0,00648	HOLD	98,2349	215,2243
2026-08-23	13:00	76053,38	76357,51	75872,89	76096,95	LONG	0,00167	5981,87	0,00648	HOLD	98,2349	215,297
2026-08-23	14:00	76096,96	76345,31	75907,82	76007,13	LONG	0,00167	5981,87	0,00648	HOLD	98,2349	215,147
2026-08-23	15:00	76007,12	76654,78	75952,09	76486,49	LONG	0,00167	5981,87	0,00648	HOLD	98,2349	215,9476
2026-08-23	16:00	76486,49	76640,21	76467	76549,98	LONG	0,00167	5981,87	0,00648	HOLD	98,2349	216,0536
2026-08-23	17:00	76549,99	76924,29	76542	76790,35	LONG	0,00167	5981,87	0,00648	HOLD	98,2349	216,455
2026-08-23	18:00	76790,35	77400	76744,94	77311,02	LONG	0,00167	5981,87	0,00648	HOLD	98,2349	217,3245
2026-08-23	19:00	77311,02	77311,99	76975,63	77206	LONG	0,00167	5981,87	0,00648	HOLD	98,2349	217,1492
2026-08-23	20:00	77206,01	77765,8	77192,21	77487,62	LONG	0,00167	5981,87	0,00648	HOLD	98,2349	217,6195
2026-08-23	21:00	77487,62	77640,58	76802	77186	LONG	0,00167	5981,87	0,00648	HOLD	98,2349	217,1158
2026-08-23	22:00	77186	77336,93	76913,49	77156,13	LONG	0,00167	5981,87	0,00648	HOLD	98,2349	217,0659
2026-08-23	23:00	77156,14	77475	77156,13	77429,88	LONG	0,00167	5981,87	0,00648	HOLD	98,2349	217,523
2026-08-24	00:00	77429,87	77443,95	77148,2	77176,41	LONG	0,00167	5981,87	0,00648	HOLD	98,2349	217,0997
2026-08-24	01:00	77176,41	77415,33	77116	77341,98	LONG	0,00167	5981,87	0,00648	HOLD	98,2349	217,3762
2026-08-24	02:00	77341,99	77487,04	77255,99	77346,01	LONG	0,00167	5981,87	0,00648	HOLD	98,2349	217,383
2026-08-24	03:00	77346	77460	77200,03	77401,6	LONG	0,00167	5981,87	0,00648	HOLD	98,2349	217,4758
2026-08-24	04:00	77401,59	78052,85	77401,59	77833,23	LONG	0,00167	5981,87	0,00648	HOLD	98,2349	218,1966
2026-08-24	05:00	77833,23	77979	77560,02	77598,88	LONG	0,00167	5981,87	0,00648	HOLD	98,2349	217,8053
2026-08-24	06:00	77598,87	77829,7	77290,22	77734	LONG	0,00167	5981,87	0,00648	HOLD	98,2349	218,0309
2026-08-24	07:00	77734	77742	77142,85	77679,5	LONG	0,00167	5981,87	0,00648	HOLD	98,2349	217,9399
2026-08-24	08:00	77679,51	77717,28	76918	76922,1	LONG	0,00167	5981,87	0,00648	HOLD	98,2349	216,675
2026-08-24	09:00	76922,11	77545,08	76883,61	77478,69	LONG	0,00167	5981,87	0,00648	HOLD	98,2349	217,6046
2026-08-24	10:00	77478,7	77532,37	76933	76933,02	LONG	0,00167	5981,87	0,00648	HOLD	98,2349	216,6933
2026-08-24	11:00	76933,02	77247,12	76670,01	76897,44	LONG	0,00167	5981,87	0,00648	HOLD	98,2349	216,6339
2026-08-24	12:00	76897,44	77226,93	76842,72	77149,4	LONG	0,00167	5981,87	0,00648	HOLD	98,2349	217,0546
2026-08-24	13:00	77149,39	77525,09	77071	77464,33	LONG	0,00167	5981,87	0,00648	HOLD	98,2349	217,5806
2026-08-24	14:00	77464,33	77790,19	77281,68	77307,15	LONG	0,00167	5981,87	0,00648	HOLD	98,2349	217,3181
2026-08-24	15:00	77307,14	77414,88	76838	77041,47	LONG	0,00167	5981,87	0,00648	HOLD	98,2349	216,8744
2026-08-24	16:00	77041,46	77602,8	77028	77554,08	LONG	0,00167	5981,87	0,00648	HOLD	98,2349	217,7305
2026-08-24	17:00	77554,08	78017	77534,09	77617,22	LONG	0,00167	5981,87	0,00648	HOLD	98,2349	217,8359
2026-08-24	18:00	77617,23	78600	77450	78443,65	LONG	0,00167	5981,87	0,00648	HOLD	98,2349	219,216
2026-08-24	19:00	78443,65	79326,48	77982	79159,99	LONG	0,00167	5981,87	0,00648	HOLD	98,2349	220,4123
2026-08-24	20:00	79159,98	79450	77851,9	78597,99	LONG	0,00167	5981,87	0,00648	HOLD	98,2349	219,4738
2026-08-24	21:00	78597,99	79841,12	78597,99	79510,92	LONG	0,00167	5981,87	0,00648	HOLD	98,2349	220,9984
2026-08-24	22:00	79510,93	80000	78824,78	79100,01	LONG	0,00167	5981,87	0,00648	HOLD	98,2349	220,3122
2026-08-24	23:00	79100,01	79877,87	78901,1	79047,6	LONG	0,00167	5981,87	0,00648	HOLD	98,2349	220,2246
2026-08-25	00:00	79047,61	79198	78468,61	78761,14	LONG	0,00167	5981,87	0,00648	HOLD	98,2349	219,7462
2026-08-25	01:00	78761,14	79084,22	78718,01	78928,35	LONG	0,00167	5981,87	0,00648	HOLD	98,2349	220,0255
2026-08-25	02:00	78928,35	79118,42	78600	78758	LONG	0,00167	5981,87	0,00648	HOLD	98,2349	219,741
2026-08-25	03:00	78757,99	78996	78560	78932,33	LONG	0,00167	5981,87	0,00648	HOLD	98,2349	220,0321
2026-08-25	04:00	78932,33	79049,4	78853,43	78984,23	LONG	0,00167	5981,87	0,00648	HOLD	98,2349	220,1188
2026-08-25	05:00	78984,23	78988	78692	78740	LONG	0,00167	5981,87	0,00648	HOLD	98,2349	219,7109
2026-08-25	06:00	78740	79017,76	78622,13	78992,75	LONG	0,00167	5981,87	0,00648	HOLD	98,2349	220,133
2026-08-25	07:00	78992,76	79888	78715,63	79739,99	LONG	0,00167	5981,87	0,00648	HOLD	98,2349	221,3809
2026-08-25	08:00	79739,99	79985,41	79478	79828	LONG	0,00167	5981,87	0,00648	HOLD	98,2349	221,5279
2026-08-25	09:00	79828	81272,62	79742	80649,63	LONG	0,00167	5981,87	0,00648	HOLD	98,2349	222,9
2026-08-25	10:00	80649,62	80956	80314,31	80488,01	LONG	0,00167	5981,87	0,00648	HOLD	98,2349	222,6301
2026-08-25	11:00	80488,01	80608	80150	80363,73	LONG	0,00167	5981,87	0,00648	HOLD	98,2349	222,4226
2026-08-25	12:00	80363,74	80821,53	80322	80731,9	LONG	0,00167	5981,87	0,00648	HOLD	98,2349	223,0374
2026-08-25	13:00	80731,9	80923,69	80420	80574,09	LONG	0,00167	5981,87	0,00648	HOLD	98,2349	222,7739
2026-08-25	14:00	80574,09	80819,67	79369,17	79705,79	LONG	0,00167	5981,87	0,00648	HOLD	98,2349	221,3238
2026-08-25	15:00	79705,79	80249	79622	79930,77	LONG	0,00167	5981,87	0,00648	HOLD	98,2349	221,6995
2026-08-25	16:00	79930,76	79958	78888	79187,2	LONG	0,00167	5981,87	0,00648	HOLD	98,2349	220,4578
2026-08-25	17:00	79187,2	79484,01	78992	79309,63	LONG	0,00167	5981,87	0,00648	HOLD	98,2349	220,6622
2026-08-25	18:00	79309,63	79463,59	79044,18	79117,99	LONG	0,00167	5981,87	0,00648	HOLD	98,2349	220,3422
2026-08-25	19:00	79118	79171,88	78640	78980	LONG	0,00167	5981,87	0,00648	HOLD	98,2349	220,1117
2026-08-25	20:00	78980,01	79222	78120,74	78647,99	LONG	0,00167	5981,87	0,00648	HOLD	98,2349	219,5573
2026-08-25	21:00	78648	79386,94	78531,55	79235,99	LONG	0,00167	5981,87	0,00648	HOLD	98,2349	220,5392
2026-08-25	22:00	79236	79527,09	79020,04	79502,01	LONG	0,00167	5981,87	0,00648	HOLD	98,2349	220,9835
2026-08-25	23:00	79502,01	79563,71	79067,72	79156,02	LONG	0,00167	5981,87	0,00648	HOLD	98,2349	220,4057
2026-08-26	00:00	79156,02	79256,08	78752,06	79240,01	LONG	0,00167	5981,87	0,00648	HOLD	98,2349	220,546
2026-08-26	01:00	79240,02	79380	79048,44	79128	LONG	0,00167	5981,87	0,00648	HOLD	98,2349	220,3589
2026-08-26	02:00	79128,01	79233,57	78728,35	78925,95	LONG	0,00167	5981,87	0,00648	HOLD	98,2349	220,0215
2026-08-26	03:00	78925,96	78976	78165,27	78206,13	LONG	0,00167	5981,87	0,00648	HOLD	98,2349	218,8194
2026-08-26	04:00	78206,14	78664	77851	78570	LONG	0,00167	5981,87	0,00648	HOLD	98,2349	219,427
2026-08-26	05:00	78569,99	79000	78569,99	78889,51	LONG	0,00167	5981,87	0,00648	HOLD	98,2349	219,9606
2026-08-26	06:00	78889,51	78977,49	78396,88	78539,14	LONG	0,00167	5981,87	0,00648	HOLD	98,2349	219,3755
2026-08-26	07:00	78539,13	78721,48	78312	78631,79	LONG	0,00167	5981,87	0,00648	HOLD	98,2349	219,5302
2026-08-26	08:00	78631,7	78960	78607,29	78815,13	LONG	0,00167	5981,87	0,00648	HOLD	98,2349	219,8364
2026-08-26	09:00	78815,13	79251,6	78748,56	79108	LONG	0,00167	5981,87	0,00648	HOLD	98,2349	220,3255
2026-08-26	10:00	79108,01	79184	78900	79088,62	LONG	0,00167	5981,87	0,00648	HOLD	98,2349	220,2931
2026-08-26	11:00	79088,61	79200	78790,68	78826	LONG	0,00167	5981,87	0,00648	HOLD	98,2349	219,8546
2026-08-26	12:00	78826	79143,62	78638	79085,98	LONG	0,00167	5981,87	0,00648	HOLD	98,2349	220,2887
2026-08-26	13:00	79085,98	79206	78816	78947,92	LONG	0,00167	5981,87	0,00648	HOLD	98,2349	220,0582
2026-08-26	14:00	78947,92	79096	78867	78925,56	LONG	0,00167	5981,87	0,00648	HOLD	98,2349	220,0208
2026-08-26	15:00	78925,57	79119,37	78600	78707,59	LONG	0,00167	5981,87	0,00648	HOLD	98,2349	219,6568
2026-08-26	16:00	78707,59	78877,02	78244,83	78444,49	LONG	0,00167	5981,87	0,00648	HOLD	98,2349	219,2174
2026-08-26	17:00	78444,5	78879,75	78291,09	78727,45	LONG	0,00167	5981,87	0,00648	HOLD	98,2349	219,69
2026-08-26	18:00	78727,46	78782	78317	78487,26	LONG	0,00167	5981,87	0,00648	HOLD	98,2349	219,2889
2026-08-26	19:00	78487,26	78713,79	77918,25	78319,59	LONG	0,00167	5981,87	0,00648	HOLD	98,2349	219,0089
2026-08-26	20:00	78319,58	78554	77913,19	78448,66	LONG	0,00167	5981,87	0,00648	HOLD	98,2349	219,2244
2026-08-26	21:00	78448,66	78603,41	77774	77790,48	LONG	0,00167	5981,87	0,00648	HOLD	98,2349	218,1252
2026-08-26	22:00	77790,48	78167,26	77632,58	78011,65	LONG	0,00167	5981,87	0,00648	HOLD	98,2349	218,4946
2026-08-26	23:00	78011,64	78161,73	77858	77991,3	LONG	0,00167	5981,87	0,00648	HOLD	98,2349	218,4606
2026-08-27	00:00	77991,29	78603	77991,29	78442,83	LONG	0,00167	5981,87	0,00648	HOLD	98,2349	219,2147
2026-08-27	01:00	78442,84	78650,26	78280,01	78472,41	LONG	0,00167	5981,87	0,00648	HOLD	98,2349	219,2641
2026-08-27	02:00	78472,41	78572	78292	78475,49	LONG	0,00167	5981,87	0,00648	HOLD	98,2349	219,2692
2026-08-27	03:00	78475,49	78521,7	78200	78452,04	LONG	0,00167	5981,87	0,00648	HOLD	98,2349	219,23
2026-08-27	04:00	78452,04	78845,06	78392,19	78724,01	LONG	0,00167	5981,87	0,00648	HOLD	98,2349	219,6842
2026-08-27	05:00	78724	78975,85	78554	78700	LONG	0,00167	5981,87	0,00648	HOLD	98,2349	219,6441
2026-08-27	06:00	78700	79174,12	78654	79023,75	LONG	0,00167	5981,87	0,00648	HOLD	98,2349	220,1848
2026-08-27	07:00	79023,75	79028,49	78690,01	78690,01	LONG	0,00167	5981,87	0,00648	HOLD	98,2349	219,6275
2026-08-27	08:00	78690,02	79017,99	78546,13	78898,67	LONG	0,00167	5981,87	0,00648	HOLD	98,2349	219,9759
2026-08-27	09:00	78898,68	78978	78704,62	78717,76	LONG	0,00167	5981,87	0,00648	HOLD	98,2349	219,6738
2026-08-27	10:00	78717,76	78990	78643,23	78830,68	LONG	0,00167	5981,87	0,00648	HOLD	98,2349	219,8624
2026-08-27	11:00	78830,68	78900	78684,18	78783,99	LONG	0,00167	5981,87	0,00648	HOLD	98,2349	219,7844
2026-08-27	12:00	78783,99	78928	78600	78912,55	LONG	0,00167	5981,87	0,00648	HOLD	98,2349	219,9991
2026-08-27	13:00	78912,54	78912,55	78604,78	78817,49	LONG	0,00167	5981,87	0,00648	HOLD	98,2349	219,8404
2026-08-27	14:00	78817,5	79095,99	78754	79082,17	LONG	0,00167	5981,87	0,00648	HOLD	98,2349	220,2824
2026-08-27	15:00	79082,18	80022	79048	79755,99	LONG	0,00167	5981,87	0,00648	HOLD	98,2349	221,4076
2026-08-27	16:00	79756	80520	79683,09	79986	LONG	0,00167	5981,87	0,00648	HOLD	98,2349	221,7918
2026-08-27	17:00	79986	80158,15	79342	79626	LONG	0,00167	5981,87	0,00648	HOLD	98,2349	221,1906
2026-08-27	18:00	79625,99	79766,3	79172,65	79477,67	LONG	0,00167	5981,87	0,00648	HOLD	98,2349	220,9429
2026-08-27	19:00	79477,66	79596	79266	79282,31	LONG	0,00167	5981,87	0,00648	HOLD	98,2349	220,6166
2026-08-27	20:00	79282,31	79568	78920	79533,15	LONG	0,00167	5981,87	0,00648	HOLD	98,2349	221,0355
2026-08-27	21:00	79533,16	80388	79354,47	80204,05	LONG	0,00167	5981,87	0,00648	HOLD	98,2349	222,1559
2026-08-27	22:00	80204,06	80799,91	80094	80302,32	LONG	0,00167	5981,87	0,00648	HOLD	98,2349	222,32
2026-08-27	23:00	80302,32	80624	80189,39	80374	LONG	0,00167	5981,87	0,00648	HOLD	98,2349	222,4397
2026-08-28	00:00	80374	80848,74	80230	80442,46	LONG	0,00167	5981,87	0,00648	HOLD	98,2349	222,5541
2026-08-28	01:00	80442,47	80442,47	79749,7	80150,69	LONG	0,00167	5981,87	0,00648	HOLD	98,2349	222,0668
2026-08-28	02:00	80150,69	80294,11	79886	79910,19	LONG	0,00167	5981,87	0,00648	HOLD	98,2349	221,6652
2026-08-28	03:00	79910,19	80120	79882,86	80096	LONG	0,00167	5981,87	0,00648	HOLD	98,2349	221,9755
2026-08-28	04:00	80096	80184	79975,74	80184	LONG	0,00167	5981,87	0,00648	HOLD	98,2349	222,1224
2026-08-28	05:00	80184	80432,36	80150	80303,21	LONG	0,00167	5981,87	0,00648	HOLD	98,2349	222,3215
2026-08-28	06:00	80303,21	80393,6	80134	80249,58	LONG	0,00167	5981,87	0,00648	HOLD	98,2349	222,2319
2026-08-28	07:00	80249,59	80705,37	80153,99	80576	LONG	0,00167	5981,87	0,00648	HOLD	98,2349	222,7771
2026-08-28	08:00	80575,99	81478,87	80434,15	80500,38	LONG	0,00167	5981,87	0,00648	HOLD	98,2349	222,6508
2026-08-28	09:00	80500,38	80500,38	79723,02	79926,11	LONG	0,00167	5981,87	0,00648	HOLD	98,2349	221,6917
2026-08-28	10:00	79926,11	80060,01	79775,61	79810,49	LONG	0,00167	5981,87	0,00648	HOLD	98,2349	221,4987
2026-08-28	11:00	79810,48	79970,5	79603,81	79643,81	LONG	0,00167	5981,87	0,00648	HOLD	98,2349	221,2203
2026-08-28	12:00	79643,8	79872,6	79558,11	79686	LONG	0,00167	5981,87	0,00648	HOLD	98,2349	221,2908
2026-08-28	13:00	79686	79999	79685,99	79904,21	LONG	0,00167	5981,87	0,00648	HOLD	98,2349	221,6552
2026-08-28	14:00	79904,21	79904,21	79573,36	79660	LONG	0,00167	5981,87	0,00648	HOLD	98,2349	221,2473
2026-08-28	15:00	79660	79840	79480	79516,78	LONG	0,00167	5981,87	0,00648	HOLD	98,2349	221,0082
2026-08-28	16:00	79516,77	79516,78	79259,43	79285,19	LONG	0,00167	5981,87	0,00648	HOLD	98,2349	220,6214
2026-08-28	17:00	79285,19	79571,99	79001,01	79565,89	LONG	0,00167	5981,87	0,00648	HOLD	98,2349	221,0902
2026-08-28	18:00	79565,9	79770,29	79555,22	79604,13	LONG	0,00167	5981,87	0,00648	HOLD	98,2349	221,154
2026-08-28	19:00	79604,12	79727,36	79306,11	79421,05	LONG	0,00167	5981,87	0,00648	HOLD	98,2349	220,8483
2026-08-28	20:00	79421,04	79635,01	79034,56	79330,75	LONG	0,00167	5981,87	0,00648	HOLD	98,2349	220,6975
2026-08-28	21:00	79330,34	79706,64	78423,03	79542,44	LONG	0,00167	5981,87	0,00648	HOLD	98,2349	221,051
2026-08-28	22:00	79542,44	79838,73	78312,64	78331,13	LONG	0,00167	5981,87	0,00648	HOLD	98,2349	219,0281
2026-08-28	23:00	78331,13	78404	76888	77788,46	LONG	0,00167	5981,87	0,00648	HOLD	98,2349	218,1219
2026-08-29	00:00	77788,45	78131,86	77642,78	77904	LONG	0,00167	5981,87	0,00648	HOLD	98,2349	218,3148
2026-08-29	01:00	77904	77935,5	77270	77554	LONG	0,00167	5981,87	0,00648	HOLD	98,2349	217,7303
2026-08-29	02:00	77554	77797,35	77376	77580,03	LONG	0,00167	5981,87	0,00648	HOLD	98,2349	217,7738
2026-08-29	03:00	77580,03	77609,83	77310,24	77407,34	LONG	0,00167	5981,87	0,00648	HOLD	98,2349	217,4854
2026-08-29	04:00	77407,34	77537,33	77255,69	77364	LONG	0,00167	5981,87	0,00648	HOLD	98,2349	217,413
2026-08-29	05:00	77364	77773,2	77342	77758,69	LONG	0,00167	5981,87	0,00648	HOLD	98,2349	218,0722
2026-08-29	06:00	77758,69	77846,72	77640,74	77845,87	LONG	0,00167	5981,87	0,00648	HOLD	98,2349	218,2177
2026-08-29	07:00	77845,88	77963,92	77722	77733,63	LONG	0,00167	5981,87	0,00648	HOLD	98,2349	218,0303
2026-08-29	08:00	77733,63	77849,29	77631,28	77794,11	LONG	0,00167	5981,87	0,00648	HOLD	98,2349	218,1313
2026-08-29	09:00	77794,11	77829,72	77584,53	77671,18	LONG	0,00167	5981,87	0,00648	HOLD	98,2349	217,926
2026-08-29	10:00	77671,18	77731,43	77507,16	77507,17	LONG	0,00167	5981,87	0,00648	HOLD	98,2349	217,6521
2026-08-29	11:00	77507,17	77678,67	77507,17	77648,91	LONG	0,00167	5981,87	0,00648	HOLD	98,2349	217,8888
2026-08-29	12:00	77648,91	77716,12	77604,06	77632,53	LONG	0,00167	5981,87	0,00648	HOLD	98,2349	217,8615
2026-08-29	13:00	77632,52	77632,53	77382,37	77466,82	LONG	0,00167	5981,87	0,00648	HOLD	98,2349	217,5847
2026-08-29	14:00	77466,83	77672	77438,01	77626,01	LONG	0,00167	5981,87	0,00648	HOLD	98,2349	217,8506
2026-08-29	15:00	77626,01	77634	77487,73	77633,99	LONG	0,00167	5981,87	0,00648	HOLD	98,2349	217,8639
2026-08-29	16:00	77634	77754,23	77566,01	77650,03	LONG	0,00167	5981,87	0,00648	HOLD	98,2349	217,8907
2026-08-29	17:00	77650,02	77732	77526	77635,17	LONG	0,00167	5981,87	0,00648	HOLD	98,2349	217,8659
2026-08-29	18:00	77635,17	77724,99	77573,32	77584,67	LONG	0,00167	5981,87	0,00648	HOLD	98,2349	217,7815
2026-08-29	19:00	77584,66	77657,99	77506,63	77583,74	LONG	0,00167	5981,87	0,00648	HOLD	98,2349	217,78
2026-08-29	20:00	77583,74	77722	77559,45	77704,32	LONG	0,00167	5981,87	0,00648	HOLD	98,2349	217,9814
2026-08-29	21:00	77704,32	78150	77663,83	78014,37	LONG	0,00167	5981,87	0,00648	HOLD	98,2349	218,4991
2026-08-29	22:00	78014,37	78014,37	77806,9	77865,36	LONG	0,00167	5981,87	0,00648	HOLD	98,2349	218,2503
2026-08-29	23:00	77865,36	78130,43	77858,29	78027,17	LONG	0,00167	5981,87	0,00648	HOLD	98,2349	218,5205
2026-08-30	00:00	78027,17	78100	77896	78100	LONG	0,00167	5981,87	0,00648	HOLD	98,2349	218,6421
2026-08-30	01:00	78099,99	78250	78018,02	78158,01	LONG	0,00167	5981,87	0,00648	HOLD	98,2349	218,739
2026-08-30	02:00	78158,01	78330	78138,87	78182	LONG	0,00167	5981,87	0,00648	HOLD	98,2349	218,7791
2026-08-30	03:00	78181,99	78298	78117,95	78129,92	LONG	0,00167	5981,87	0,00648	HOLD	98,2349	218,6921
2026-08-30	04:00	78129,92	78198	78062	78161,63	LONG	0,00167	5981,87	0,00648	HOLD	98,2349	218,7451
2026-08-30	05:00	78161,62	78239,4	78086	78228,34	LONG	0,00167	5981,87	0,00648	HOLD	98,2349	218,8565
2026-08-30	06:00	78228,33	78283,7	78190	78230	LONG	0,00167	5981,87	0,00648	HOLD	98,2349	218,8592
2026-08-30	07:00	78230	78330	78147,17	78179,86	LONG	0,00167	5981,87	0,00648	HOLD	98,2349	218,7755
2026-08-30	08:00	78179,86	78190	77994,02	78081,5	LONG	0,00167	5981,87	0,00648	HOLD	98,2349	218,6112
2026-08-30	09:00	78081,49	78178,02	78014,74	78106,01	LONG	0,00167	5981,87	0,00648	HOLD	98,2349	218,6522
2026-08-30	10:00	78106	78233,7	78065,99	78144,68	LONG	0,00167	5981,87	0,00648	HOLD	98,2349	218,7168
2026-08-30	11:00	78144,68	78220	77990	78109,75	LONG	0,00167	5981,87	0,00648	HOLD	98,2349	218,6584
2026-08-30	12:00	78109,74	78214	78109,74	78127,71	LONG	0,00167	5981,87	0,00648	HOLD	98,2349	218,6884
2026-08-30	13:00	78127,72	78310,71	78106,07	78280,34	LONG	0,00167	5981,87	0,00648	HOLD	98,2349	218,9433
2026-08-30	14:00	78280,34	78291,27	78118	78118	LONG	0,00167	5981,87	0,00648	HOLD	98,2349	218,6722
2026-08-30	15:00	78118	78207,22	78034	78074,01	LONG	0,00167	5981,87	0,00648	HOLD	98,2349	218,5987
2026-08-30	16:00	78074,01	78118,87	77986	78000,01	LONG	0,00167	5981,87	0,00648	HOLD	98,2349	218,4752
2026-08-30	17:00	78000,01	78145,29	77962,49	78145,29	LONG	0,00167	5981,87	0,00648	HOLD	98,2349	218,7178
2026-08-30	18:00	78145,29	78242	78117,11	78166	LONG	0,00167	5981,87	0,00648	HOLD	98,2349	218,7524
2026-08-30	19:00	78165,99	78850,81	78165,99	78785,06	LONG	0,00167	5981,87	0,00648	HOLD	98,2349	219,7862
2026-08-30	20:00	78785,06	78966,76	78590,14	78860	LONG	0,00167	5981,87	0,00648	HOLD	98,2349	219,9113
2026-08-30	21:00	78860,01	78945,94	78722	78783,71	LONG	0,00167	5981,87	0,00648	HOLD	98,2349	219,7839
2026-08-30	22:00	78783,7	78912,94	78626	78823,63	LONG	0,00167	5981,87	0,00648	HOLD	98,2349	219,8506
2026-08-30	23:00	78823,62	79400	78750	79337,93	LONG	0,00167	5981,87	0,00648	HOLD	98,2349	220,7095
2026-08-31	00:00	79337,93	79337,93	78774,85	79021,02	LONG	0,00167	5981,87	0,00648	HOLD	98,2349	220,1802
2026-08-31	01:00	79021,02	79181,99	78776	79036,69	LONG	0,00167	5981,87	0,00648	HOLD	98,2349	220,2064
2026-08-31	02:00	79036,68	79041,96	78721,98	78856,39	LONG	0,00167	5981,87	0,00648	HOLD	98,2349	219,9053
2026-08-31	03:00	78856,39	78931,49	78438,23	78597,33	LONG	0,00167	5981,87	0,00648	HOLD	98,2349	219,4727
2026-08-31	04:00	78597,32	78733,77	78229,82	78653	LONG	0,00167	5981,87	0,00648	HOLD	98,2349	219,5657
2026-08-31	05:00	78653	78804	78280	78422,01	LONG	0,00167	5981,87	0,00648	HOLD	98,2349	219,1799
2026-08-31	06:00	78422,01	78454	77000	77682	LONG	0,00167	5981,87	0,00648	HOLD	98,2349	217,9441
2026-08-31	07:00	77682	78185,89	77436,4	77937,04	LONG	0,00167	5981,87	0,00648	HOLD	98,2349	218,37
2026-08-31	08:00	77937,03	77993,03	77565,08	77640,94	LONG	0,00167	5981,87	0,00648	HOLD	98,2349	217,8755
2026-08-31	09:00	77640,93	78000	77392	77473,99	LONG	0,00167	5981,87	0,00648	HOLD	98,2349	217,5967
2026-08-31	10:00	77474	77872	77394	77756,71	LONG	0,00167	5981,87	0,00648	HOLD	98,2349	218,0688
2026-08-31	11:00	77756,7	77769,11	77458,83	77622,28	LONG	0,00167	5981,87	0,00648	HOLD	98,2349	217,8443
2026-08-31	12:00	77622,29	78156,78	77514	78016	LONG	0,00167	5981,87	0,00648	HOLD	98,2349	218,5019
2026-08-31	13:00	78016,01	78156,77	77864,16	78093,87	LONG	0,00167	5981,87	0,00648	HOLD	98,2349	218,6319
2026-08-31	14:00	78093,88	78322,56	78034,01	78196,01	LONG	0,00167	5981,87	0,00648	HOLD	98,2349	218,8025
2026-08-31	15:00	78196,01	78521,89	77982	78480,8	LONG	0,00167	5981,87	0,00648	HOLD	98,2349	219,2781
2026-08-31	16:00	78480,79	78802	78396,35	78511,03	LONG	0,00167	5981,87	0,00648	HOLD	98,2349	219,3286
2026-08-31	17:00	78511,03	78732	78316,91	78710,01	LONG	0,00167	5981,87	0,00648	HOLD	98,2349	219,6609
2026-08-31	18:00	78710,02	78710,02	78302	78315,43	LONG	0,00167	5981,87	0,00648	HOLD	98,2349	219,0019
2026-08-31	19:00	78315,43	78543,86	77675,04	77930,39	LONG	0,00167	5981,87	0,00648	HOLD	98,2349	218,3589
2026-08-31	20:00	77930,4	78282	77716,75	77867,39	LONG	0,00167	5981,87	0,00648	HOLD	98,2349	218,2537
2026-08-31	21:00	77867,39	78686,94	77746,6	78600,14	LONG	0,00167	5981,87	0,00648	HOLD	98,2349	219,4774
2026-08-31	22:00	78601,93	78777,9	78212,3	78580,42	LONG	0,00167	5981,87	0,00648	HOLD	98,2349	219,4444
2026-08-31	23:00	78580,43	78884,48	78524	78639,57	LONG	0,00167	5981,87	0,00648	HOLD	98,2349	219,5432
2026-09-01	00:00	78639,57	79019,86	78494	78897,36	LONG	0,00167	5981,87	0,00648	HOLD	98,2349	219,9737
2026-09-01	01:00	78897,35	79212	78779,24	79016	LONG	0,00167	5981,87	0,00648	HOLD	98,2349	220,1719
2026-09-01	02:00	79016,01	79250	78851,93	78898,06	LONG	0,00167	5981,87	0,00648	HOLD	98,2349	219,9749
2026-09-01	03:00	78898,06	79172	78784,32	78864,72	LONG	0,00167	5981,87	0,00648	HOLD	98,2349	219,9192
2026-09-01	04:00	78864,73	79071,12	78732,22	78964,32	LONG	0,00167	5981,87	0,00648	HOLD	98,2349	220,0856
2026-09-01	05:00	78964,33	79015,83	78579,3	78593,15	LONG	0,00167	5981,87	0,00648	HOLD	98,2349	219,4657
2026-09-01	06:00	78593,15	78593,61	78405,01	78581,29	LONG	0,00167	5981,87	0,00648	HOLD	98,2349	219,4459
2026-09-01	07:00	78581,3	78900,01	78562	78652	LONG	0,00167	5981,87	0,00648	HOLD	98,2349	219,564
2026-09-01	08:00	78652	78797,99	78375,83	78410,62	LONG	0,00167	5981,87	0,00648	HOLD	98,2349	219,1609
2026-09-01	09:00	78410,62	78457,55	78189,93	78449,99	LONG	0,00167	5981,87	0,00648	HOLD	98,2349	219,2266
2026-09-01	10:00	78449,99	78874	78400,18	78679,01	LONG	0,00167	5981,87	0,00648	HOLD	98,2349	219,6091
2026-09-01	11:00	78679,01	78915,09	78653,96	78727,11	LONG	0,00167	5981,87	0,00648	HOLD	98,2349	219,6894
2026-09-01	12:00	78727,11	79220,61	78727,11	79179,99	LONG	0,00167	5981,87	0,00648	HOLD	98,2349	220,4457
2026-09-01	13:00	79179,99	79179,99	78745,38	78745,39	LONG	0,00167	5981,87	0,00648	HOLD	98,2349	219,7199
2026-09-01	14:00	78745,39	78806	78500	78632,37	LONG	0,00167	5981,87	0,00648	HOLD	98,2349	219,5312
2026-09-01	15:00	78632,37	78658,01	77820	77883,28	LONG	0,00167	5981,87	0,00648	HOLD	98,2349	218,2802
2026-09-01	16:00	77883,28	78062,24	77786,18	77915	LONG	0,00167	5981,87	0,00648	HOLD	98,2349	218,3332
2026-09-01	17:00	77915	78196	77758,69	78029,67	LONG	0,00167	5981,87	0,00648	HOLD	98,2349	218,5247
2026-09-01	18:00	78029,67	78202,52	77890	78098,97	LONG	0,00167	5981,87	0,00648	HOLD	98,2349	218,6404
2026-09-01	19:00	78098,96	78156	77742,01	78004	LONG	0,00167	5981,87	0,00648	HOLD	98,2349	218,4818
2026-09-01	20:00	78004,01	78202	77510	78071,99	LONG	0,00167	5981,87	0,00648	HOLD	98,2349	218,5954
2026-09-01	21:00	78072	78424	78052	78167,99	LONG	0,00167	5981,87	0,00648	HOLD	98,2349	218,7557
2026-09-01	22:00	78168	78169,69	77727,61	77919,06	LONG	0,00167	5981,87	0,00648	HOLD	98,2349	218,34
2026-09-01	23:00	77919,07	77976	77318	77596,01	LONG	0,00167	5981,87	0,00648	HOLD	98,2349	217,8005
2026-09-02	00:00	77596,01	77721,26	77241,12	77265,79	LONG	0,00167	5981,87	0,00648	HOLD	98,2349	217,249
2026-09-02	01:00	77265,79	77319,64	76420	77153,9	LONG	0,00167	5981,87	0,00648	HOLD	98,2349	217,0622
2026-09-02	02:00	77153,89	77466,55	77112	77312	LONG	0,00167	5981,87	0,00648	HOLD	98,2349	217,3262
2026-09-02	03:00	77312	77471,9	77236,48	77448,45	LONG	0,00167	5981,87	0,00648	HOLD	98,2349	217,5541
2026-09-02	04:00	77448,46	77516,3	76920,36	77211,32	LONG	0,00167	5981,87	0,00648	HOLD	98,2349	217,158
2026-09-02	05:00	77211,32	77364,01	77030	77274,02	LONG	0,00167	5981,87	0,00648	HOLD	98,2349	217,2628
2026-09-02	06:00	77274,02	77638,18	77218	77439	LONG	0,00167	5981,87	0,00648	HOLD	98,2349	217,5383
2026-09-02	07:00	77439,01	77512	77132	77213,25	LONG	0,00167	5981,87	0,00648	HOLD	98,2349	217,1613
2026-09-02	08:00	77213,24	77372	76718,48	77020,68	LONG	0,00167	5981,87	0,00648	HOLD	98,2349	216,8397
2026-09-02	09:00	77020,67	77343,74	76948,97	77329,2	LONG	0,00167	5981,87	0,00648	HOLD	98,2349	217,3549
2026-09-02	10:00	77329,2	77792	77314,51	77563,5	LONG	0,00167	5981,87	0,00648	HOLD	98,2349	217,7462
2026-09-02	11:00	77563,5	77612,84	77294,56	77561,82	LONG	0,00167	5981,87	0,00648	HOLD	98,2349	217,7434
2026-09-02	12:00	77561,82	77761,93	77438	77651,07	LONG	0,00167	5981,87	0,00648	HOLD	98,2349	217,8924
2026-09-02	13:00	77651,08	77724	77462	77611,54	LONG	0,00167	5981,87	0,00648	HOLD	98,2349	217,8264
2026-09-02	14:00	77611,53	77765,99	77473,84	77473,85	LONG	0,00167	5981,87	0,00648	HOLD	98,2349	217,5965
2026-09-02	15:00	77473,86	77546	76746,81	76854,11	LONG	0,00167	5981,87	0,00648	HOLD	98,2349	216,5615
2026-09-02	16:00	76854,11	77049,4	76484,64	76752,26	LONG	0,00167	5981,87	0,00648	HOLD	98,2349	216,3914
2026-09-02	17:00	76752,26	76753,83	76264	76680,88	LONG	0,00167	5981,87	0,00648	HOLD	98,2349	216,2722
2026-09-02	18:00	76680,88	76848,73	76356	76828,76	LONG	0,00167	5981,87	0,00648	HOLD	98,2349	216,5192
2026-09-02	19:00	76828,75	77049,4	76611,67	76613,88	LONG	0,00167	5981,87	0,00648	HOLD	98,2349	216,1603
2026-09-02	20:00	76613,87	77443,61	76613,87	77146	LONG	0,00167	5981,87	0,00648	HOLD	98,2349	217,049
2026-09-02	21:00	77146	77490	77010,24	77066,42	LONG	0,00167	5981,87	0,00648	HOLD	98,2349	216,9161
2026-09-02	22:00	77066,42	77386	76748,01	77288,98	LONG	0,00167	5981,87	0,00648	HOLD	98,2349	217,2877
2026-09-02	23:00	77288,97	77582	77171,5	77171,5	LONG	0,00167	5981,87	0,00648	HOLD	98,2349	217,0915
2026-09-03	00:00	77171,51	77406	76950,56	77381,66	LONG	0,00167	5981,87	0,00648	HOLD	98,2349	217,4425
2026-09-03	01:00	77381,65	77524	77296,52	77377,76	LONG	0,00167	5981,87	0,00648	HOLD	98,2349	217,436
2026-09-03	02:00	77377,76	77416	77124	77341,47	LONG	0,00167	5981,87	0,00648	HOLD	98,2349	217,3754
2026-09-03	03:00	77341,48	77520	77207,47	77406,01	LONG	0,00167	5981,87	0,00648	HOLD	98,2349	217,4832
2026-09-03	04:00	77406	77431,78	77242	77284	LONG	0,00167	5981,87	0,00648	HOLD	98,2349	217,2794
2026-09-03	05:00	77284,01	77284,01	77023,11	77034,03	LONG	0,00167	5981,87	0,00648	HOLD	98,2349	216,862
2026-09-03	06:00	77034,03	77372,62	77007,36	77340,01	LONG	0,00167	5981,87	0,00648	HOLD	98,2349	217,373
2026-09-03	07:00	77340,01	77394	76980,01	77068,01	LONG	0,00167	5981,87	0,00648	HOLD	98,2349	216,9187
2026-09-03	08:00	77068	77546,8	76968	77356,7	LONG	0,00167	5981,87	0,00648	HOLD	98,2349	217,4008
2026-09-03	09:00	77356,69	77900	77238,89	77816,01	LONG	0,00167	5981,87	0,00648	HOLD	98,2349	218,1679
2026-09-03	10:00	77816,02	77880	77642,09	77708	LONG	0,00167	5981,87	0,00648	HOLD	98,2349	217,9875
2026-09-03	11:00	77708,01	77833,1	77547,16	77776	LONG	0,00167	5981,87	0,00648	HOLD	98,2349	218,1011
2026-09-03	12:00	77775,99	77829,8	77101,01	77809,91	LONG	0,00167	5981,87	0,00648	HOLD	98,2349	218,1577
2026-09-03	13:00	77809,91	77856,16	77698,75	77835,19	LONG	0,00167	5981,87	0,00648	HOLD	98,2349	218,1999
2026-09-03	14:00	77835,2	78183,91	77600	77663,15	LONG	0,00167	5981,87	0,00648	HOLD	98,2349	217,9126
2026-09-03	15:00	77663,14	78066	77663,14	77843,34	LONG	0,00167	5981,87	0,00648	HOLD	98,2349	218,2135
2026-09-03	16:00	77843,34	77975,46	77608	77615,24	LONG	0,00167	5981,87	0,00648	HOLD	98,2349	217,8326
2026-09-03	17:00	77615,25	77773,26	77478	77735,88	LONG	0,00167	5981,87	0,00648	HOLD	98,2349	218,0341
2026-09-03	18:00	77735,88	78004,94	77709,52	77948,39	LONG	0,00167	5981,87	0,00648	HOLD	98,2349	218,389
2026-09-03	19:00	77948,39	78782,75	77896,07	78652,38	LONG	0,00167	5981,87	0,00648	HOLD	98,2349	219,5646
2026-09-03	20:00	78652,37	79000	78450,25	78840,52	LONG	0,00167	5981,87	0,00648	HOLD	98,2349	219,8788
2026-09-03	21:00	78840,52	80561	78704	80549,97	LONG	0,00167	5981,87	0,00648	HOLD	98,2349	222,7336
2026-09-03	22:00	80549,97	81370,33	80354,65	81348	LONG	0,00167	5981,87	0,00648	HOLD	98,2349	224,0663
2026-09-03	23:00	81348	81360	80613,52	80969,37	LONG	0,00167	5981,87	0,00648	HOLD	98,2349	223,434
2026-09-04	00:00	80969,37	81188,17	80886	81042	LONG	0,00167	5981,87	0,00648	HOLD	98,2349	223,5553
2026-09-04	01:00	81042	81333,33	80904	81254,32	LONG	0,00167	5981,87	0,00648	HOLD	98,2349	223,9099
2026-09-04	02:00	81254,31	81790	81171,98	81755,41	LONG	0,00167	5981,87	0,00648	HOLD	98,2349	224,7467
2026-09-04	03:00	81755,41	81780	81392,74	81473	LONG	0,00167	5981,87	0,00648	HOLD	98,2349	224,2751
2026-09-04	04:00	81473	82300	81288	81590	LONG	0,00167	5981,87	0,00648	HOLD	98,2349	224,4704
2026-09-04	05:00	81590	81604,65	80905,05	81140	LONG	0,00167	5981,87	0,00648	HOLD	98,2349	223,7189
2026-09-04	06:00	81140	81338	81078	81270,37	LONG	0,00167	5981,87	0,00648	HOLD	98,2349	223,9367
2026-09-04	07:00	81270,37	81427,75	80960	80972,12	LONG	0,00167	5981,87	0,00648	HOLD	98,2349	223,4386
2026-09-04	08:00	80972,11	81097,92	80759,52	80968,01	LONG	0,00167	5981,87	0,00648	HOLD	98,2349	223,4317
2026-09-04	09:00	80968,01	80968,01	80669,45	80831,99	LONG	0,00167	5981,87	0,00648	HOLD	98,2349	223,2046
2026-09-04	10:00	80832	81021,8	80806	80850	LONG	0,00167	5981,87	0,00648	HOLD	98,2349	223,2346
2026-09-04	11:00	80850,01	81288	80820	81070,54	LONG	0,00167	5981,87	0,00648	HOLD	98,2349	223,6029
2026-09-04	12:00	81070,54	81143,3	80863,03	80996,15	LONG	0,00167	5981,87	0,00648	HOLD	98,2349	223,4787
2026-09-04	13:00	80996,15	81090	80573,21	80797,39	LONG	0,00167	5981,87	0,00648	HOLD	98,2349	223,1468
2026-09-04	14:00	80797,4	80966,75	80641,65	80656,87	LONG	0,00167	5981,87	0,00648	HOLD	98,2349	222,9121
2026-09-04	15:00	80656,86	81237	80502,87	81147,16	LONG	0,00167	5981,87	0,00648	HOLD	98,2349	223,7309
2026-09-04	16:00	81147,16	81310	80934,24	81056,63	LONG	0,00167	5981,87	0,00648	HOLD	98,2349	223,5797
2026-09-04	17:00	81056,63	81194	80831,14	81179,63	LONG	0,00167	5981,87	0,00648	HOLD	98,2349	223,7851
2026-09-04	18:00	81179,64	81423,03	81080,01	81224,86	LONG	0,00167	5981,87	0,00648	HOLD	98,2349	223,8607
2026-09-04	19:00	81224,86	81350	79177,77	79453,96	LONG	0,00167	5981,87	0,00648	HOLD	98,2349	220,9033
2026-09-04	20:00	79453,95	79704	79000	79378,67	LONG	0,00167	5981,87	0,00648	HOLD	98,2349	220,7775
2026-09-04	21:00	79378,66	79572	78660	78915,71	LONG	0,00167	5981,87	0,00648	HOLD	98,2349	220,0044
2026-09-04	22:00	78915,71	79555,32	78800	79429,33	LONG	0,00167	5981,87	0,00648	HOLD	98,2349	220,8621
2026-09-04	23:00	79429,33	79877,07	79378,19	79745,73	LONG	0,00167	5981,87	0,00648	HOLD	98,2349	221,3905
2026-09-05	00:00	79745,72	79752,92	79383	79472,22	LONG	0,00167	5981,87	0,00648	HOLD	98,2349	220,9337
2026-09-05	01:00	79472,22	79655,86	79472,22	79618,15	LONG	0,00167	5981,87	0,00648	HOLD	98,2349	221,1775
2026-09-05	02:00	79618,15	79819,99	79618,14	79793,34	LONG	0,00167	5981,87	0,00648	HOLD	98,2349	221,47
2026-09-05	03:00	79793,35	79862,15	79667,99	79697,04	LONG	0,00167	5981,87	0,00648	HOLD	98,2349	221,3092
2026-09-05	04:00	79697,03	79819,3	79512	79624	LONG	0,00167	5981,87	0,00648	HOLD	98,2349	221,1872
2026-09-05	05:00	79624	79716	79604	79636,09	LONG	0,00167	5981,87	0,00648	HOLD	98,2349	221,2074
2026-09-05	06:00	79636,09	79758	79600,89	79660,77	LONG	0,00167	5981,87	0,00648	HOLD	98,2349	221,2486
2026-09-05	07:00	79660,77	79721,57	79562	79573,36	LONG	0,00167	5981,87	0,00648	HOLD	98,2349	221,1027
2026-09-05	08:00	79573,37	79710	79533,34	79533,34	LONG	0,00167	5981,87	0,00648	HOLD	98,2349	221,0358
2026-09-05	09:00	79533,34	79622	79472,22	79569,09	LONG	0,00167	5981,87	0,00648	HOLD	98,2349	221,0955
2026-09-05	10:00	79569,09	79630,74	79510,93	79582	LONG	0,00167	5981,87	0,00648	HOLD	98,2349	221,1171
2026-09-05	11:00	79581,99	79589,84	79500	79500,01	LONG	0,00167	5981,87	0,00648	HOLD	98,2349	220,9802
2026-09-05	12:00	79500,01	79600,01	79442	79577,53	LONG	0,00167	5981,87	0,00648	HOLD	98,2349	221,1096
2026-09-05	13:00	79577,53	79715,72	79576	79644,01	LONG	0,00167	5981,87	0,00648	HOLD	98,2349	221,2206
2026-09-05	14:00	79644,01	79763,41	79639,22	79709,96	LONG	0,00167	5981,87	0,00648	HOLD	98,2349	221,3308
2026-09-05	15:00	79709,96	79727,95	79568	79650	LONG	0,00167	5981,87	0,00648	HOLD	98,2349	221,2306
2026-09-05	16:00	79650,01	79735,97	79612	79631,28	LONG	0,00167	5981,87	0,00648	HOLD	98,2349	221,1994
2026-09-05	17:00	79631,29	79664	79593,92	79618,01	LONG	0,00167	5981,87	0,00648	HOLD	98,2349	221,1772
2026-09-05	18:00	79618	79674,33	79608	79609,28	LONG	0,00167	5981,87	0,00648	HOLD	98,2349	221,1626
2026-09-05	19:00	79609,29	79774	79609,28	79704,14	LONG	0,00167	5981,87	0,00648	HOLD	98,2349	221,3211
2026-09-05	20:00	79704,13	79762	79545,96	79613,67	LONG	0,00167	5981,87	0,00648	HOLD	98,2349	221,17
2026-09-05	21:00	79613,67	79756,32	79613,67	79719,76	LONG	0,00167	5981,87	0,00648	HOLD	98,2349	221,3471
2026-09-05	22:00	79719,75	79816	79678,62	79806,01	LONG	0,00167	5981,87	0,00648	HOLD	98,2349	221,4912
2026-09-05	23:00	79806	80200	79754	80042	LONG	0,00167	5981,87	0,00648	HOLD	98,2349	221,8853
2026-09-06	00:00	80041,99	80162,29	79973,85	80058,6	LONG	0,00167	5981,87	0,00648	HOLD	98,2349	221,913
2026-09-06	01:00	80058,6	80078	79930	79999,98	LONG	0,00167	5981,87	0,00648	HOLD	98,2349	221,8151
2026-09-06	02:00	79999,99	79999,99	79712,86	79754	LONG	0,00167	5981,87	0,00648	HOLD	98,2349	221,4043
2026-09-06	03:00	79753,99	79840,25	79694	79737,83	LONG	0,00167	5981,87	0,00648	HOLD	98,2349	221,3773
2026-09-06	04:00	79737,83	79938	79724,87	79906,02	LONG	0,00167	5981,87	0,00648	HOLD	98,2349	221,6582
2026-09-06	05:00	79906,02	79947,99	79749,41	79783,99	LONG	0,00167	5981,87	0,00648	HOLD	98,2349	221,4544
2026-09-06	06:00	79783,99	79912,83	79706,04	79831,75	LONG	0,00167	5981,87	0,00648	HOLD	98,2349	221,5342
2026-09-06	07:00	79831,75	79940,68	79829,98	79868	LONG	0,00167	5981,87	0,00648	HOLD	98,2349	221,5947
2026-09-06	08:00	79868,01	80067,45	79868,01	79951,39	LONG	0,00167	5981,87	0,00648	HOLD	98,2349	221,734
2026-09-06	09:00	79951,38	80019,11	79876	79907,28	LONG	0,00167	5981,87	0,00648	HOLD	98,2349	221,6603
2026-09-06	10:00	79907,28	80107,99	79893,86	80028,01	LONG	0,00167	5981,87	0,00648	HOLD	98,2349	221,8619
2026-09-06	11:00	80028,01	80028,01	79854	79866,01	LONG	0,00167	5981,87	0,00648	HOLD	98,2349	221,5914
2026-09-06	12:00	79866,01	80107,99	79794,04	79989,13	LONG	0,00167	5981,87	0,00648	HOLD	98,2349	221,797
2026-09-06	13:00	79989,12	79989,13	79676,66	79784,65	LONG	0,00167	5981,87	0,00648	HOLD	98,2349	221,4555
2026-09-06	14:00	79784,65	79865,89	79577	79805	LONG	0,00167	5981,87	0,00648	HOLD	98,2349	221,4895
2026-09-06	15:00	79804,68	79889,99	79752,7	79837,17	LONG	0,00167	5981,87	0,00648	HOLD	98,2349	221,5432
2026-09-06	16:00	79837,17	79990	79806,01	79885,77	LONG	0,00167	5981,87	0,00648	HOLD	98,2349	221,6244
2026-09-06	17:00	79885,78	80020	79885,77	80003,93	LONG	0,00167	5981,87	0,00648	HOLD	98,2349	221,8217
2026-09-06	18:00	80003,92	80003,93	79890	79919,17	LONG	0,00167	5981,87	0,00648	HOLD	98,2349	221,6802
2026-09-06	19:00	79919,17	80010	79858,1	79922,04	LONG	0,00167	5981,87	0,00648	HOLD	98,2349	221,6849
2026-09-06	20:00	79922,04	79968	79760,39	79829,98	LONG	0,00167	5981,87	0,00648	HOLD	98,2349	221,5312
2026-09-06	21:00	79829,99	79840,25	79233	79543,06	LONG	0,00167	5981,87	0,00648	HOLD	98,2349	221,0521
2026-09-06	22:00	79543,07	79734,59	79383,32	79716,5	LONG	0,00167	5981,87	0,00648	HOLD	98,2349	221,3417
2026-09-06	23:00	79716,51	79786	79606,04	79682	LONG	0,00167	5981,87	0,00648	HOLD	98,2349	221,2841
2026-09-07	00:00	79682	79773,88	79584,73	79745,34	LONG	0,00167	5981,87	0,00648	HOLD	98,2349	221,3899
2026-09-07	01:00	79745,34	79970	79745,34	79955,34	LONG	0,00167	5981,87	0,00648	HOLD	98,2349	221,7406
2026-09-07	02:00	79955,34	79955,34	79799,52	79829,99	LONG	0,00167	5981,87	0,00648	HOLD	98,2349	221,5312
2026-09-07	03:00	79830	79973,56	79776,59	79912	LONG	0,00167	5981,87	0,00648	HOLD	98,2349	221,6682
2026-09-07	04:00	79912	80034	79875,24	79944,38	LONG	0,00167	5981,87	0,00648	HOLD	98,2349	221,7223
2026-09-07	05:00	79944,39	80093,79	79647,04	80055,17	LONG	0,00167	5981,87	0,00648	HOLD	98,2349	221,9073
2026-09-07	06:00	80055,18	80559,99	80010	80341,83	LONG	0,00167	5981,87	0,00648	HOLD	98,2349	222,386
2026-09-07	07:00	80341,83	80443,99	80059,11	80160,01	LONG	0,00167	5981,87	0,00648	HOLD	98,2349	222,0824
2026-09-07	08:00	80160,01	80243,81	79826,28	79926,14	LONG	0,00167	5981,87	0,00648	HOLD	98,2349	221,6918
2026-09-07	09:00	79926,14	80426	79800	79874,24	LONG	0,00167	5981,87	0,00648	HOLD	98,2349	221,6051
2026-09-07	10:00	79874,25	79986,02	79568,6	79596,39	LONG	0,00167	5981,87	0,00648	HOLD	98,2349	221,1411
2026-09-07	11:00	79596,38	79732,15	79540,38	79724	LONG	0,00167	5981,87	0,00648	HOLD	98,2349	221,3542
2026-09-07	12:00	79724,01	79926,04	79666,79	79759,47	LONG	0,00167	5981,87	0,00648	HOLD	98,2349	221,4135
2026-09-07	13:00	79759,47	79825,7	79644,55	79659,27	LONG	0,00167	5981,87	0,00648	HOLD	98,2349	221,2461
2026-09-07	14:00	79659,28	79691,06	79001,1	79397,83	LONG	0,00167	5981,87	0,00648	HOLD	98,2349	220,8095
2026-09-07	15:00	79397,83	79530,47	79397,83	79437,38	LONG	0,00167	5981,87	0,00648	HOLD	98,2349	220,8756
2026-09-07	16:00	79437,39	79550	79291,15	79313,85	LONG	0,00167	5981,87	0,00648	HOLD	98,2349	220,6693
2026-09-07	17:00	79313,85	79459,5	79313,85	79360	LONG	0,00167	5981,87	0,00648	HOLD	98,2349	220,7463
2026-09-07	18:00	79360	79487,01	79282	79420,16	LONG	0,00167	5981,87	0,00648	HOLD	98,2349	220,8468
2026-09-07	19:00	79420,16	79627,43	79400,48	79606,84	LONG	0,00167	5981,87	0,00648	HOLD	98,2349	221,1586
2026-09-07	20:00	79606,84	79643,5	79318,92	79352,01	LONG	0,00167	5981,87	0,00648	HOLD	98,2349	220,733
2026-09-07	21:00	79352	79396,36	78956,94	79191,95	LONG	0,00167	5981,87	0,00648	HOLD	98,2349	220,4657
2026-09-07	22:00	79191,96	79191,96	78680	78821,99	LONG	0,00167	5981,87	0,00648	HOLD	98,2349	219,8479
2026-09-07	23:00	78822	79035,23	78807,69	79028,87	LONG	0,00167	5981,87	0,00648	HOLD	98,2349	220,1934
2026-09-08	00:00	79028,88	79223,53	79018	79185,73	LONG	0,00167	5981,87	0,00648	HOLD	98,2349	220,4553
2026-09-08	01:00	79185,74	79244	79096	79196,16	LONG	0,00167	5981,87	0,00648	HOLD	98,2349	220,4727
2026-09-08	02:00	79196,15	79419,17	79150	79365,82	LONG	0,00167	5981,87	0,00648	HOLD	98,2349	220,7561
2026-09-08	03:00	79365,81	79394,92	79168,01	79238	LONG	0,00167	5981,87	0,00648	HOLD	98,2349	220,5426
2026-09-08	04:00	79238	79278	79164	79164	LONG	0,00167	5981,87	0,00648	HOLD	98,2349	220,419
2026-09-08	05:00	79164,01	79218,18	78781,07	78952,19	LONG	0,00167	5981,87	0,00648	HOLD	98,2349	220,0653
2026-09-08	06:00	78952,18	79210	78938,38	79112,01	LONG	0,00167	5981,87	0,00648	HOLD	98,2349	220,3322
2026-09-08	07:00	79112	79313,09	78972,51	79313,08	LONG	0,00167	5981,87	0,00648	HOLD	98,2349	220,668
2026-09-08	08:00	79313,09	79463,06	79266,48	79441,99	LONG	0,00167	5981,87	0,00648	HOLD	98,2349	220,8833
2026-09-08	09:00	79441,98	79485	78930	78930,01	LONG	0,00167	5981,87	0,00648	HOLD	98,2349	220,0283
2026-09-08	10:00	78930,01	79002	78725,1	78906,28	LONG	0,00167	5981,87	0,00648	HOLD	98,2349	219,9886
2026-09-08	11:00	78906,27	78929,24	78678,7	78678,71	LONG	0,00167	5981,87	0,00648	HOLD	98,2349	219,6086
2026-09-08	12:00	78678,7	78882	78555	78578	LONG	0,00167	5981,87	0,00648	HOLD	98,2349	219,4404
2026-09-08	13:00	78577,99	78632	78261,61	78323,59	LONG	0,00167	5981,87	0,00648	HOLD	98,2349	219,0155
2026-09-08	14:00	78323,59	78609,99	78179,98	78482	LONG	0,00167	5981,87	0,00648	HOLD	98,2349	219,2801
2026-09-08	15:00	78482	78581,8	78281,3	78418	LONG	0,00167	5981,87	0,00648	HOLD	98,2349	219,1732
2026-09-08	16:00	78418	78800	78317,03	78761,99	LONG	0,00167	5981,87	0,00648	HOLD	98,2349	219,7477
2026-09-08	17:00	78762	78994,5	78568	78568	LONG	0,00167	5981,87	0,00648	HOLD	98,2349	219,4237
2026-09-08	18:00	78568,01	78576	78271,63	78430,01	LONG	0,00167	5981,87	0,00648	HOLD	98,2349	219,1933
2026-09-08	19:00	78430	78483,42	78215,36	78449,99	LONG	0,00167	5981,87	0,00648	HOLD	98,2349	219,2266
2026-09-08	20:00	78450	78545,46	77620,01	77961,66	LONG	0,00167	5981,87	0,00648	HOLD	98,2349	218,4111
2026-09-08	21:00	77961,66	78630,81	77854	78567,52	LONG	0,00167	5981,87	0,00648	HOLD	98,2349	219,4229
2026-09-08	22:00	78567,52	78910,88	78451,39	78904	LONG	0,00167	5981,87	0,00648	HOLD	98,2349	219,9848
2026-09-08	23:00	78904	78978,39	78581,33	78735,89	LONG	0,00167	5981,87	0,00648	HOLD	98,2349	219,7041
2026-09-09	00:00	78735,88	78892	78500	78504,38	LONG	0,00167	5981,87	0,00648	HOLD	98,2349	219,3175
2026-09-09	01:00	78504,38	78822,47	78271,49	78436	LONG	0,00167	5981,87	0,00648	HOLD	98,2349	219,2033
2026-09-09	02:00	78436,01	78528	78325,39	78446	LONG	0,00167	5981,87	0,00648	HOLD	98,2349	219,22
2026-09-09	03:00	78445,99	78621,77	78410,05	78487,99	LONG	0,00167	5981,87	0,00648	HOLD	98,2349	219,2901
2026-09-09	04:00	78487,99	78623,21	78406	78492,18	LONG	0,00167	5981,87	0,00648	HOLD	98,2349	219,2971
2026-09-09	05:00	78492,19	78662,75	78458	78562,44	LONG	0,00167	5981,87	0,00648	HOLD	98,2349	219,4144
2026-09-09	06:00	78562,43	78575,31	78408,64	78455,8	LONG	0,00167	5981,87	0,00648	HOLD	98,2349	219,2363
2026-09-09	07:00	78455,8	78796,97	78455,79	78774,65	LONG	0,00167	5981,87	0,00648	HOLD	98,2349	219,7688
2026-09-09	08:00	78774,66	78891,5	78633,53	78891,5	LONG	0,00167	5981,87	0,00648	HOLD	98,2349	219,9639
2026-09-09	09:00	78891,49	78928,65	78686,46	78726,01	LONG	0,00167	5981,87	0,00648	HOLD	98,2349	219,6876
2026-09-09	10:00	78726,01	78726,01	78548,46	78638,01	LONG	0,00167	5981,87	0,00648	HOLD	98,2349	219,5406
2026-09-09	11:00	78638,01	79215,83	78638	79171,5	LONG	0,00167	5981,87	0,00648	HOLD	98,2349	220,4315
2026-09-09	12:00	79171,5	79370,01	78840,59	78923,43	LONG	0,00167	5981,87	0,00648	HOLD	98,2349	220,0173
2026-09-09	13:00	78923,43	79290,63	78865,71	79159,03	LONG	0,00167	5981,87	0,00648	HOLD	98,2349	220,4107
2026-09-09	14:00	79159,03	79400	79151,34	79277,43	LONG	0,00167	5981,87	0,00648	HOLD	98,2349	220,6085
2026-09-09	15:00	79277,44	79760	79264	79698,02	LONG	0,00167	5981,87	0,00648	HOLD	98,2349	221,3108
2026-09-09	16:00	79698,02	79716	78900	78952,01	LONG	0,00167	5981,87	0,00648	HOLD	98,2349	220,065
2026-09-09	17:00	78952,01	79183,91	78878,11	78920,01	LONG	0,00167	5981,87	0,00648	HOLD	98,2349	220,0116
2026-09-09	18:00	78920,01	79379,28	78725,29	79324,75	LONG	0,00167	5981,87	0,00648	HOLD	98,2349	220,6875
2026-09-09	19:00	79324,75	79662,56	79281,51	79606,14	LONG	0,00167	5981,87	0,00648	HOLD	98,2349	221,1574
2026-09-09	20:00	79606,15	79678,84	79103,19	79140,69	LONG	0,00167	5981,87	0,00648	HOLD	98,2349	220,3801
2026-09-09	21:00	79140,69	79413,74	78877,36	78958,01	LONG	0,00167	5981,87	0,00648	HOLD	98,2349	220,075
2026-09-09	22:00	78958,01	79394,99	78060,03	78596,7	LONG	0,00167	5981,87	0,00648	HOLD	98,2349	219,4716
2026-09-09	23:00	78596,7	78938,55	78460,34	78804,9	LONG	0,00167	5981,87	0,00648	HOLD	98,2349	219,8193
2026-09-10	00:00	78804,9	78934,4	78674	78776,01	LONG	0,00167	5981,87	0,00648	HOLD	98,2349	219,7711
2026-09-10	01:00	78776	78792,25	78403,36	78414,42	LONG	0,00167	5981,87	0,00648	HOLD	98,2349	219,1672
2026-09-10	02:00	78414,42	78575,32	78150	78234,94	LONG	0,00167	5981,87	0,00648	HOLD	98,2349	218,8675
2026-09-10	03:00	78234,94	78340,01	77917,09	78324,07	LONG	0,00167	5981,87	0,00648	HOLD	98,2349	219,0163
2026-09-10	04:00	78324,07	78339,56	77994,15	78145,02	LONG	0,00167	5981,87	0,00648	HOLD	98,2349	218,7173
2026-09-10	05:00	78145,02	78196	77770	77924,06	LONG	0,00167	5981,87	0,00648	HOLD	98,2349	218,3483
2026-09-10	06:00	77924	78321,09	77920,56	78306,43	LONG	0,00167	5981,87	0,00648	HOLD	98,2349	218,9869
2026-09-10	07:00	78306,43	78382,35	78073,8	78180,7	LONG	0,00167	5981,87	0,00648	HOLD	98,2349	218,7769
2026-09-10	08:00	78180,7	78508,49	77952	78094	LONG	0,00167	5981,87	0,00648	HOLD	98,2349	218,6321
2026-09-10	09:00	78094,01	78373,1	77980	78357,86	LONG	0,00167	5981,87	0,00648	HOLD	98,2349	219,0728
2026-09-10	10:00	78357,87	78550	78278	78328,08	LONG	0,00167	5981,87	0,00648	HOLD	98,2349	219,023
2026-09-10	11:00	78328,08	78437,99	78300	78400	LONG	0,00167	5981,87	0,00648	HOLD	98,2349	219,1431
2026-09-10	12:00	78400,01	78564,39	78270,75	78536,71	LONG	0,00167	5981,87	0,00648	HOLD	98,2349	219,3714
2026-09-10	13:00	78536,71	78542,05	78147,98	78416,01	LONG	0,00167	5981,87	0,00648	HOLD	98,2349	219,1699
2026-09-10	14:00	78416,01	78422,01	77906,48	78112	LONG	0,00167	5981,87	0,00648	HOLD	98,2349	218,6622
2026-09-10	15:00	78112	78170,74	78038	78110	LONG	0,00167	5981,87	0,00648	HOLD	98,2349	218,6588
2026-09-10	16:00	78110	78229,22	77910,86	77992,01	LONG	0,00167	5981,87	0,00648	HOLD	98,2349	218,4618
2026-09-10	17:00	77992	78044,57	77821,21	77863,21	LONG	0,00167	5981,87	0,00648	HOLD	98,2349	218,2467
2026-09-10	18:00	77863,2	78054,84	77688	77840,8	LONG	0,00167	5981,87	0,00648	HOLD	98,2349	218,2093
2026-09-10	19:00	77840,64	77959,2	76676,07	76896,01	LONG	0,00167	5981,87	0,00648	HOLD	98,2349	216,6315
2026-09-10	20:00	76896,01	77234	76745	77174,44	LONG	0,00167	5981,87	0,00648	HOLD	98,2349	217,0965
2026-09-10	21:00	77174,43	77424,98	76943,45	77412,01	LONG	0,00167	5981,87	0,00648	HOLD	98,2349	217,4932
2026-09-10	22:00	77412,01	77412,89	77092,16	77250	LONG	0,00167	5981,87	0,00648	HOLD	98,2349	217,2226
2026-09-10	23:00	77250	77312,01	76804,99	77200,01	LONG	0,00167	5981,87	0,00648	HOLD	98,2349	217,1392
2026-09-11	00:00	77200	77544	77126,26	77328,72	LONG	0,00167	5981,87	0,00648	HOLD	98,2349	217,3541
2026-09-11	01:00	77328,72	77340	76982,6	77252	LONG	0,00167	5981,87	0,00648	HOLD	98,2349	217,226
2026-09-11	02:00	77252	77298,48	77083,17	77160,83	LONG	0,00167	5981,87	0,00648	HOLD	98,2349	217,0737
2026-09-11	03:00	77160,83	77347,45	77116	77268,08	LONG	0,00167	5981,87	0,00648	HOLD	98,2349	217,2528
2026-09-11	04:00	77268,08	77303,02	77100,02	77144	LONG	0,00167	5981,87	0,00648	HOLD	98,2349	217,0456
2026-09-11	05:00	77144,01	77218,01	76817,6	76836,45	LONG	0,00167	5981,87	0,00648	HOLD	98,2349	216,532
2026-09-11	06:00	76836,45	76876,31	76464	76568,72	LONG	0,00167	5981,87	0,00648	HOLD	98,2349	216,0849
2026-09-11	07:00	76568,73	76939,8	76563,01	76908,59	LONG	0,00167	5981,87	0,00648	HOLD	98,2349	216,6525
2026-09-11	08:00	76908,59	77000	76670,57	76971,43	LONG	0,00167	5981,87	0,00648	HOLD	98,2349	216,7574
2026-09-11	09:00	76971,44	77013,62	76769,69	76838,68	LONG	0,00167	5981,87	0,00648	HOLD	98,2349	216,5357
2026-09-11	10:00	76838,68	76897,54	76702,7	76891,8	LONG	0,00167	5981,87	0,00648	HOLD	98,2349	216,6244
2026-09-11	11:00	76891,81	77196,01	76889,23	77114,01	LONG	0,00167	5981,87	0,00648	HOLD	98,2349	216,9955
2026-09-11	12:00	77114,01	77252,88	77069,06	77252,86	LONG	0,00167	5981,87	0,00648	HOLD	98,2349	217,2274
2026-09-11	13:00	77252,87	77431,48	77182	77298,01	LONG	0,00167	5981,87	0,00648	HOLD	98,2349	217,3028
2026-09-11	14:00	77298,01	77403,19	77203,73	77230,7	LONG	0,00167	5981,87	0,00648	HOLD	98,2349	217,1904
2026-09-11	15:00	77230,7	77500	77144,59	77364,93	LONG	0,00167	5981,87	0,00648	HOLD	98,2349	217,4146
2026-09-11	16:00	77364,94	77370,01	76865,58	77042	LONG	0,00167	5981,87	0,00648	HOLD	98,2349	216,8753
2026-09-11	17:00	77042	77163,25	76966	76993,25	LONG	0,00167	5981,87	0,00648	HOLD	98,2349	216,7939
2026-09-11	18:00	76993,25	77049,25	76746,95	77036,12	LONG	0,00167	5981,87	0,00648	HOLD	98,2349	216,8655
2026-09-11	19:00	77036,12	78148,74	76046,58	78032,99	LONG	0,00167	5981,87	0,00648	HOLD	98,2349	218,5302
2026-09-11	20:00	78032,98	79333	77253,8	79242,56	LONG	0,00167	5981,87	0,00648	HOLD	98,2349	220,5502
2026-09-11	21:00	79242,56	79890	78509,09	78798,51	LONG	0,00167	5981,87	0,00648	HOLD	98,2349	219,8087
2026-09-11	22:00	78798,4	78849,98	77303	77732,25	LONG	0,00167	5981,87	0,00648	HOLD	98,2349	218,028
2026-09-11	23:00	77732,25	78068,01	77381,88	77916	LONG	0,00167	5981,87	0,00648	HOLD	98,2349	218,3349
2026-09-12	00:00	77916	77960,01	77490,34	77534	LONG	0,00167	5981,87	0,00648	HOLD	98,2349	217,6969
2026-09-12	01:00	77534	77538,01	76883	77054	LONG	0,00167	5981,87	0,00648	HOLD	98,2349	216,8953
2026-09-12	02:00	77054	77372,01	77006	77286,01	LONG	0,00167	5981,87	0,00648	HOLD	98,2349	217,2828
2026-09-12	03:00	77286	77504,01	77192	77339,33	LONG	0,00167	5981,87	0,00648	HOLD	98,2349	217,3718
2026-09-12	04:00	77339,33	77424,01	77078,01	77108,01	LONG	0,00167	5981,87	0,00648	HOLD	98,2349	216,9855
2026-09-12	05:00	77108,01	77231,31	76967,13	77150	LONG	0,00167	5981,87	0,00648	HOLD	98,2349	217,0556
2026-09-12	06:00	77150	77225,71	77119,68	77225,7	LONG	0,00167	5981,87	0,00648	HOLD	98,2349	217,1821
2026-09-12	07:00	77225,71	77320	77207,65	77287,43	LONG	0,00167	5981,87	0,00648	HOLD	98,2349	217,2852
2026-09-12	08:00	77287,43	77378,37	77262,29	77272,37	LONG	0,00167	5981,87	0,00648	HOLD	98,2349	217,26
2026-09-12	09:00	77272,36	77322,27	77220	77288	LONG	0,00167	5981,87	0,00648	HOLD	98,2349	217,2861
2026-09-12	10:00	77288,01	77347,82	77229,99	77268,09	LONG	0,00167	5981,87	0,00648	HOLD	98,2349	217,2529
2026-09-12	11:00	77268,09	77314,01	77215,86	77222,75	LONG	0,00167	5981,87	0,00648	HOLD	98,2349	217,1771
2026-09-12	12:00	77222,75	77260,8	77164,06	77218	LONG	0,00167	5981,87	0,00648	HOLD	98,2349	217,1692
2026-09-12	13:00	77218	77359,2	77199,99	77289,73	LONG	0,00167	5981,87	0,00648	HOLD	98,2349	217,289
2026-09-12	14:00	77289,73	77347,99	77266	77269,55	LONG	0,00167	5981,87	0,00648	HOLD	98,2349	217,2553
2026-09-12	15:00	77269,54	77374,01	77269,54	77360,01	LONG	0,00167	5981,87	0,00648	HOLD	98,2349	217,4064
2026-09-12	16:00	77360	77386,76	77335,14	77349,44	LONG	0,00167	5981,87	0,00648	HOLD	98,2349	217,3887
2026-09-12	17:00	77349,44	77400,75	77310,55	77332,94	LONG	0,00167	5981,87	0,00648	HOLD	98,2349	217,3612
2026-09-12	18:00	77332,94	77356,05	77292	77356,04	LONG	0,00167	5981,87	0,00648	HOLD	98,2349	217,3997
2026-09-12	19:00	77356,05	77360,77	77290	77340	LONG	0,00167	5981,87	0,00648	HOLD	98,2349	217,3729
2026-09-12	20:00	77340,01	77397,27	77255,19	77366,52	LONG	0,00167	5981,87	0,00648	HOLD	98,2349	217,4172
2026-09-12	21:00	77366,52	77505,67	77366	77461,24	LONG	0,00167	5981,87	0,00648	HOLD	98,2349	217,5754
2026-09-12	22:00	77461,25	77479,99	77376	77380,37	LONG	0,00167	5981,87	0,00648	HOLD	98,2349	217,4404
2026-09-12	23:00	77380,38	77414,01	77336	77358,01	LONG	0,00167	5981,87	0,00648	HOLD	98,2349	217,403
2026-09-13	00:00	77358	77404,37	77170,57	77210,58	LONG	0,00167	5981,87	0,00648	HOLD	98,2349	217,1568
2026-09-13	01:00	77210,58	77216,01	77125,03	77131	LONG	0,00167	5981,87	0,00648	HOLD	98,2349	217,0239
2026-09-13	02:00	77131	77186,01	77059,75	77114,99	LONG	0,00167	5981,87	0,00648	HOLD	98,2349	216,9972
2026-09-13	03:00	77115	77227,71	77114,99	77170	LONG	0,00167	5981,87	0,00648	HOLD	98,2349	217,089
2026-09-13	04:00	77170	77283,05	77148,5	77264,01	LONG	0,00167	5981,87	0,00648	HOLD	98,2349	217,246
2026-09-13	05:00	77264	77300	77193,06	77232,17	LONG	0,00167	5981,87	0,00648	HOLD	98,2349	217,1929
2026-09-13	06:00	77232,17	77292,83	77232,16	77278,73	LONG	0,00167	5981,87	0,00648	HOLD	98,2349	217,2706
2026-09-13	07:00	77278,73	77299,99	77162,36	77276,02	LONG	0,00167	5981,87	0,00648	HOLD	98,2349	217,2661
2026-09-13	08:00	77276,02	77341,37	77241,51	77319,97	LONG	0,00167	5981,87	0,00648	HOLD	98,2349	217,3395
2026-09-13	09:00	77319,97	77319,97	77244,78	77289,96	LONG	0,00167	5981,87	0,00648	HOLD	98,2349	217,2894
2026-09-13	10:00	77289,97	77310,78	77184,01	77192,01	LONG	0,00167	5981,87	0,00648	HOLD	98,2349	217,1258
2026-09-13	11:00	77192	77254,03	77189,84	77210,01	LONG	0,00167	5981,87	0,00648	HOLD	98,2349	217,1559
2026-09-13	12:00	77210	77324,46	77210	77322,01	LONG	0,00167	5981,87	0,00648	HOLD	98,2349	217,3429
2026-09-13	13:00	77322,01	77325,82	77058,42	77122,35	LONG	0,00167	5981,87	0,00648	HOLD	98,2349	217,0095
2026-09-13	14:00	77122,35	77180	77091,88	77127,99	LONG	0,00167	5981,87	0,00648	HOLD	98,2349	217,0189
2026-09-13	15:00	77127,99	77182	76756	76813,71	LONG	0,00167	5981,87	0,00648	HOLD	98,2349	216,494
2026-09-13	16:00	76813,71	76893,91	76570	76808,01	LONG	0,00167	5981,87	0,00648	HOLD	98,2349	216,4845
2026-09-13	17:00	76808	76813,26	76628,45	76677,29	LONG	0,00167	5981,87	0,00648	HOLD	98,2349	216,2662
2026-09-13	18:00	76677,3	76800	76500	76792,32	LONG	0,00167	5981,87	0,00648	HOLD	98,2349	216,4583
2026-09-13	19:00	76792,31	76866,01	76690	76763,33	LONG	0,00167	5981,87	0,00648	HOLD	98,2349	216,4099
2026-09-13	20:00	76763,33	76922,01	76560	76853,02	LONG	0,00167	5981,87	0,00648	HOLD	98,2349	216,5597
2026-09-13	21:00	76853,01	77254,45	76850,56	77216,01	LONG	0,00167	5981,87	0,00648	HOLD	98,2349	217,1659
2026-09-13	22:00	77216,01	77216,01	77011,33	77134,83	LONG	0,00167	5981,87	0,00648	HOLD	98,2349	217,0303
2026-09-13	23:00	77134,82	77359	77125,66	77276,14	LONG	0,00167	5981,87	0,00648	HOLD	98,2349	217,2663
2026-09-14	00:00	77276,14	77413,52	77249,35	77328,94	LONG	0,00167	5981,87	0,00648	HOLD	98,2349	217,3545
2026-09-14	01:00	77328,94	77383,4	77312,12	77338,87	LONG	0,00167	5981,87	0,00648	HOLD	98,2349	217,3711
2026-09-14	02:00	77338,87	77409,04	77223,16	77284	LONG	0,00167	5981,87	0,00648	HOLD	98,2349	217,2794
2026-09-14	03:00	77284,01	77368	77262	77348,01	LONG	0,00167	5981,87	0,00648	HOLD	98,2349	217,3863
2026-09-14	04:00	77348,01	77450	77314	77316	LONG	0,00167	5981,87	0,00648	HOLD	98,2349	217,3329
2026-09-14	05:00	77316	77316	76667,68	76714	LONG	0,00167	5981,87	0,00648	HOLD	98,2349	216,3275
2026-09-14	06:00	76714	76876,8	76622,97	76842,01	LONG	0,00167	5981,87	0,00648	HOLD	98,2349	216,5413
2026-09-14	07:00	76842,01	77083,34	76388,72	76808	LONG	0,00167	5981,87	0,00648	HOLD	98,2349	216,4845
2026-09-14	08:00	76808,01	77170,76	76636,41	77118,97	LONG	0,00167	5981,87	0,00648	HOLD	98,2349	217,0038
2026-09-14	09:00	77118,96	77725,5	77016	77600	LONG	0,00167	5981,87	0,00648	HOLD	98,2349	217,8071
2026-09-14	10:00	77600	77869,82	77504,01	77596,33	LONG	0,00167	5981,87	0,00648	HOLD	98,2349	217,801
2026-09-14	11:00	77596,32	77700,78	77537,8	77681,78	LONG	0,00167	5981,87	0,00648	HOLD	98,2349	217,9437
2026-09-14	12:00	77681,79	77691,05	77494,34	77611,79	LONG	0,00167	5981,87	0,00648	HOLD	98,2349	217,8268
2026-09-14	13:00	77611,79	77895,35	77379,41	77593,15	LONG	0,00167	5981,87	0,00648	HOLD	98,2349	217,7957
2026-09-14	14:00	77593,15	77892,24	77524,41	77892,24	LONG	0,00167	5981,87	0,00648	HOLD	98,2349	218,2952
2026-09-14	15:00	77892,24	77999,99	77654	77728,8	LONG	0,00167	5981,87	0,00648	HOLD	98,2349	218,0222
2026-09-14	16:00	77728,8	78374,01	77593,8	78141,57	LONG	0,00167	5981,87	0,00648	HOLD	98,2349	218,7116
2026-09-14	17:00	78141,57	78167,87	77900	77906,6	LONG	0,00167	5981,87	0,00648	HOLD	98,2349	218,3192
2026-09-14	18:00	77906,61	77924,02	77692,55	77776	LONG	0,00167	5981,87	0,00648	HOLD	98,2349	218,1011
2026-09-14	19:00	77776	78082,67	77615,06	77698,01	LONG	0,00167	5981,87	0,00648	HOLD	98,2349	217,9708
2026-09-14	20:00	77698,01	78490	77481,98	78168,01	LONG	0,00167	5981,87	0,00648	HOLD	98,2349	218,7557
2026-09-14	21:00	78168,01	78712,29	78164,01	78521,06	LONG	0,00167	5981,87	0,00648	HOLD	98,2349	219,3453
2026-09-14	22:00	78521,05	78684,01	78301,41	78578,02	LONG	0,00167	5981,87	0,00648	HOLD	98,2349	219,4404
2026-09-14	23:00	78578,02	78904,72	78426,17	78769,42	LONG	0,00167	5981,87	0,00648	HOLD	98,2349	219,7601
2026-09-15	00:00	78769,42	79048,44	78698,37	78937,98	LONG	0,00167	5981,87	0,00648	HOLD	98,2349	220,0416
2026-09-15	01:00	78937,98	79325	78838,57	79226,01	LONG	0,00167	5981,87	0,00648	HOLD	98,2349	220,5226
2026-09-15	02:00	79226	79227,69	78951,67	78982	LONG	0,00167	5981,87	0,00648	HOLD	98,2349	220,1151
2026-09-15	03:00	78982,01	79600	78978,56	79100	LONG	0,00167	5981,87	0,00648	HOLD	98,2349	220,3121
2026-09-15	04:00	79100	79117,93	78746	78757,83	LONG	0,00167	5981,87	0,00648	HOLD	98,2349	219,7407
2026-09-15	05:00	78757,82	78854,01	78511	78557,98	LONG	0,00167	5981,87	0,00648	HOLD	98,2349	219,407
2026-09-15	06:00	78557,99	78568,01	78131,3	78189,21	LONG	0,00167	5981,87	0,00648	HOLD	98,2349	218,7911
2026-09-15	07:00	78189,2	78250,46	77941,18	77952,93	LONG	0,00167	5981,87	0,00648	HOLD	98,2349	218,3965
2026-09-15	08:00	77952,92	78080	77750	77917,86	LONG	0,00167	5981,87	0,00648	HOLD	98,2349	218,338
2026-09-15	09:00	77917,86	78018,04	77776,25	77913,72	LONG	0,00167	5981,87	0,00648	HOLD	98,2349	218,3311
2026-09-15	10:00	77913,73	77913,73	77658	77676,99	LONG	0,00167	5981,87	0,00648	HOLD	98,2349	217,9357
2026-09-15	11:00	77676,99	77744,31	77542	77567,12	LONG	0,00167	5981,87	0,00648	HOLD	98,2349	217,7522
2026-09-15	12:00	77567,11	77666,66	77300,01	77630	LONG	0,00167	5981,87	0,00648	HOLD	98,2349	217,8572
2026-09-15	13:00	77630	77727,83	77191,02	77286,7	LONG	0,00167	5981,87	0,00648	HOLD	98,2349	217,2839
2026-09-15	14:00	77286,71	77310,71	76889,22	76930,01	LONG	0,00167	5981,87	0,00648	HOLD	98,2349	216,6883
2026-09-15	15:00	76930	77007,84	76703,59	77000,01	LONG	0,00167	5981,87	0,00648	HOLD	98,2349	216,8052
2026-09-15	16:00	77000,01	77059,87	76869,99	76984,05	LONG	0,00167	5981,87	0,00648	HOLD	98,2349	216,7785
2026-09-15	17:00	76984,05	77176,07	76872,9	77053,8	LONG	0,00167	5981,87	0,00648	HOLD	98,2349	216,895
2026-09-15	18:00	77053,8	77223,32	76843,75	76940,01	LONG	0,00167	5981,87	0,00648	HOLD	98,2349	216,705
2026-09-15	19:00	76940,01	77143,15	76858,66	76957,65	LONG	0,00167	5981,87	0,00648	HOLD	98,2349	216,7344
2026-09-15	20:00	76956,75	77126,01	76123,42	76618,77	LONG	0,00167	5981,87	0,00648	HOLD	98,2349	216,1685
2026-09-15	21:00	76618,77	76696	75605	75942,01	LONG	0,00167	5981,87	0,00648	HOLD	98,2349	215,0383
2026-09-15	22:00	75942,01	76603,59	75832	76512	LONG	0,00167	5981,87	0,00648	HOLD	98,2349	215,9902
2026-09-15	23:00	76512,01	76576,47	76274	76388	LONG	0,00167	5981,87	0,00648	HOLD	98,2349	215,7831
2026-09-16	00:00	76388,01	77343,44	76194,21	76962	LONG	0,00167	5981,87	0,00648	HOLD	98,2349	216,7417
2026-09-16	01:00	76962	77205,39	74967,97	76000	LONG	0,00167	5981,87	0,00648	HOLD	98,2349	215,1351
2026-09-16	02:00	76000	76305,99	75813,75	76186,48	LONG	0,00167	5981,87	0,00648	HOLD	98,2349	215,4466
2026-09-16	03:00	76186,48	76245,98	75613,2	75935,24	LONG	0,00167	5981,87	0,00648	HOLD	98,2349	215,027
2026-09-16	04:00	75935,24	75956,58	75392,35	75453,85	LONG	0,00167	5981,87	0,00648	HOLD	98,2349	214,2231
2026-09-16	05:00	75453,85	75747,98	75140,64	75668	LONG	0,00167	5981,87	0,00648	HOLD	98,2349	214,5807
2026-09-16	06:00	75667,99	75942,13	75562,01	75644,48	LONG	0,00167	5981,87	0,00648	HOLD	98,2349	214,5414
2026-09-16	07:00	75644,48	75915,49	75578,61	75772,1	LONG	0,00167	5981,87	0,00648	HOLD	98,2349	214,7545
2026-09-16	08:00	75772,1	75964,01	75457,52	75489,14	LONG	0,00167	5981,87	0,00648	HOLD	98,2349	214,282
2026-09-16	09:00	75489,14	76111	75483,32	75886,35	LONG	0,00167	5981,87	0,00648	HOLD	98,2349	214,9453
2026-09-16	10:00	75886,36	76076,01	75768,25	75824,01	LONG	0,00167	5981,87	0,00648	HOLD	98,2349	214,8412
2026-09-16	11:00	75824	76022,67	75805,7	75864,02	LONG	0,00167	5981,87	0,00648	HOLD	98,2349	214,9081
2026-09-16	12:00	75864,02	75981,36	75677,64	75962,01	LONG	0,00167	5981,87	0,00648	HOLD	98,2349	215,0717
2026-09-16	13:00	75962,01	76038,83	75830	76030,01	LONG	0,00167	5981,87	0,00648	HOLD	98,2349	215,1853
2026-09-16	14:00	76030,01	76097,54	75739,36	75766,63	LONG	0,00167	5981,87	0,00648	HOLD	98,2349	214,7454
2026-09-16	15:00	75766,62	75766,62	75350	75736,01	LONG	0,00167	5981,87	0,00648	HOLD	98,2349	214,6943
2026-09-16	16:00	75736,01	75994	75730	75993	LONG	0,00167	5981,87	0,00648	HOLD	98,2349	215,1235
2026-09-16	17:00	75993,01	76046,05	75900	75990,2	LONG	0,00167	5981,87	0,00648	HOLD	98,2349	215,1188
2026-09-16	18:00	75990,2	76304,01	75874	76250	LONG	0,00167	5981,87	0,00648	HOLD	98,2349	215,5526
2026-09-16	19:00	76250	76300	75794,02	75967,99	LONG	0,00167	5981,87	0,00648	HOLD	98,2349	215,0817
2026-09-16	20:00	75967,98	75967,98	75585,09	75646,01	LONG	0,00167	5981,87	0,00648	HOLD	98,2349	214,544
2026-09-16	21:00	75646,01	75830,48	75423,04	75697,82	LONG	0,00167	5981,87	0,00648	HOLD	98,2349	214,6305
2026-09-16	22:00	75697,83	75950	75552,79	75788,41	LONG	0,00167	5981,87	0,00648	HOLD	98,2349	214,7818
2026-09-16	23:00	75788,41	75883,75	75650	75768	LONG	0,00167	5981,87	0,00648	HOLD	98,2349	214,7477
2026-09-17	00:00	75768	75937,45	75353,07	75768,01	LONG	0,00167	5981,87	0,00648	HOLD	98,2349	214,7477
2026-09-17	01:00	75770,45	76560,76	75064,82	75632	LONG	0,00167	5981,87	0,00648	HOLD	98,2349	214,5206
2026-09-17	02:00	75632,01	76180	75250	76080	LONG	0,00167	5981,87	0,00648	HOLD	98,2349	215,2687
2026-09-17	03:00	76080	76422,01	76024	76178,34	LONG	0,00167	5981,87	0,00648	HOLD	98,2349	215,433
2026-09-17	04:00	76178,35	76213,34	75933,11	75976	LONG	0,00167	5981,87	0,00648	HOLD	98,2349	215,0951
2026-09-17	05:00	75976,01	75986,01	75632,7	75675,88	LONG	0,00167	5981,87	0,00648	HOLD	98,2349	214,5939
2026-09-17	06:00	75675,88	76276,02	75643,61	76206,01	LONG	0,00167	5981,87	0,00648	HOLD	98,2349	215,4792
2026-09-17	07:00	76206	76511,18	76188	76342,77	LONG	0,00167	5981,87	0,00648	HOLD	98,2349	215,7076
2026-09-17	08:00	76342,77	76774,08	76222	76374,21	LONG	0,00167	5981,87	0,00648	HOLD	98,2349	215,7601
2026-09-17	09:00	76374,22	76485,13	76055,34	76370,01	LONG	0,00167	5981,87	0,00648	HOLD	98,2349	215,7531
2026-09-17	10:00	76370,01	76535,03	76370,01	76441,99	LONG	0,00167	5981,87	0,00648	HOLD	98,2349	215,8733
2026-09-17	11:00	76442	76598	76187	76539,81	LONG	0,00167	5981,87	0,00648	HOLD	98,2349	216,0366
2026-09-17	12:00	76539,82	76632,14	76318	76333,88	LONG	0,00167	5981,87	0,00648	HOLD	98,2349	215,6927
2026-09-17	13:00	76333,87	76598,01	76308,42	76477,45	LONG	0,00167	5981,87	0,00648	HOLD	98,2349	215,9325
2026-09-17	14:00	76477,46	76682,01	76425,34	76462,76	LONG	0,00167	5981,87	0,00648	HOLD	98,2349	215,908
2026-09-17	15:00	76462,77	76591,46	76396,97	76574,63	LONG	0,00167	5981,87	0,00648	HOLD	98,2349	216,0948
2026-09-17	16:00	76574,63	76770	76468,04	76468,05	LONG	0,00167	5981,87	0,00648	HOLD	98,2349	215,9168
2026-09-17	17:00	76468,04	76470,49	76270	76402,01	LONG	0,00167	5981,87	0,00648	HOLD	98,2349	215,8065
2026-09-17	18:00	76402,01	76488,73	76179	76482	LONG	0,00167	5981,87	0,00648	HOLD	98,2349	215,9401
2026-09-17	19:00	76482	77179,47	76398,93	76736,59	LONG	0,00167	5981,87	0,00648	HOLD	98,2349	216,3652
2026-09-17	20:00	76736,59	76889,66	76000	76694,07	LONG	0,00167	5981,87	0,00648	HOLD	98,2349	216,2942
2026-09-17	21:00	76694,06	77088,05	76391,44	76705,79	LONG	0,00167	5981,87	0,00648	HOLD	98,2349	216,3138
